STATE/UT,Year,CAUSE,Male upto 14 years,Male 15-29 years,Male 30-44 years,Male 45-59 years,Male 60 years and above,Total Male,Female upto 14 years,Female 15-29 years,Female 30-44 years,Female 45-59 years,Female 60 years and above,Total Female,Transgender upto 14 years,Transgender 15-29 years,Transgender 30-44 years,Transgender 45-59 years,Transgender 60 years and above,Total Transgender,Grand Total
Andhra Pradesh,2014,Housewife,0,0,0,0,0,0,1,490,353,154,71,1069,0,0,0,0,0,0,1069
Andhra Pradesh,2014,Profession/Salaried Persons (Total),0,65,87,32,3,187,0,10,2,4,0,16,0,0,0,0,0,0,203
Andhra Pradesh,2014,Govt. Servants (Total),0,21,34,23,1,79,0,7,0,2,0,9,0,0,0,0,0,0,88
Andhra Pradesh,2014,Central/UT Govt. Servants,0,5,5,5,0,15,0,1,0,0,0,1,0,0,0,0,0,0,16
Andhra Pradesh,2014,State Govt. Servants,0,13,14,15,1,43,0,3,0,2,0,5,0,0,0,0,0,0,48
Andhra Pradesh,2014,Other Statutory Body/etc.,0,3,15,3,0,21,0,3,0,0,0,3,0,0,0,0,0,0,24
Andhra Pradesh,2014,Private Sector Enterprises,0,41,47,7,2,97,0,3,2,2,0,7,0,0,0,0,0,0,104
Andhra Pradesh,2014,Public Sector Undertaking,0,3,6,2,0,11,0,0,0,0,0,0,0,0,0,0,0,0,11
Andhra Pradesh,2014,Students,12,143,4,0,0,159,29,141,4,0,0,174,0,0,0,0,0,0,333
Andhra Pradesh,2014,Unemployed Persons,0,105,69,32,3,209,0,14,5,4,1,24,0,0,0,0,0,0,233
Andhra Pradesh,2014,Self-employed Persons (Total),1,313,440,272,77,1103,0,56,21,13,6,96,0,0,0,0,0,0,1199
Andhra Pradesh,2014,Business (Total),0,128,178,96,21,423,0,5,4,5,1,15,0,0,0,0,0,0,438
Andhra Pradesh,2014,Vendor,0,7,3,3,2,15,0,0,0,0,0,0,0,0,0,0,0,0,15
Andhra Pradesh,2014,Tradesmen,0,2,12,3,1,18,0,0,0,0,0,0,0,0,0,0,0,0,18
Andhra Pradesh,2014,Others,0,119,163,90,18,390,0,5,4,5,1,15,0,0,0,0,0,0,405
Andhra Pradesh,2014,Agriculture (Total),0,148,223,153,49,573,0,36,14,6,3,59,0,0,0,0,0,0,632
Andhra Pradesh,2014,Agricultural Labourers,0,121,166,92,37,416,0,35,13,5,3,56,0,0,0,0,0,0,472
Andhra Pradesh,2014,Farmers (Sub Total),0,27,57,61,12,157,0,1,1,1,0,3,0,0,0,0,0,0,160
Andhra Pradesh,2014,Have Own Land,0,8,28,28,7,71,0,0,1,1,0,2,0,0,0,0,0,0,73
Andhra Pradesh,2014,On Contract/Lease,0,19,29,33,5,86,0,1,0,0,0,1,0,0,0,0,0,0,87
Andhra Pradesh,2014,Others,1,37,39,23,7,107,0,15,3,2,2,22,0,0,0,0,0,0,129
Andhra Pradesh,2014,Daily Wage Earner,2,279,385,185,76,927,3,53,29,14,7,106,0,0,0,0,0,0,1033
Andhra Pradesh,2014,Retired Persons,0,0,1,4,14,19,0,1,0,0,0,1,0,0,0,0,0,0,20
Andhra Pradesh,2014,Others,4,527,636,321,128,1616,3,198,136,38,19,394,0,1,0,0,0,1,2011
Andhra Pradesh,2014,Total,19,1432,1622,846,301,4220,36,963,550,227,104,1880,0,1,0,0,0,1,6101
Arunachal Pradesh,2014,Housewife,0,0,0,0,0,0,0,8,6,0,0,14,0,0,0,0,0,0,14
Arunachal Pradesh,2014,Profession/Salaried Persons (Total),0,10,12,4,0,26,0,3,0,0,0,3,0,0,0,0,0,0,29
Arunachal Pradesh,2014,Govt. Servants (Total),0,4,9,4,0,17,0,2,0,0,0,2,0,0,0,0,0,0,19
Arunachal Pradesh,2014,Central/UT Govt. Servants,0,1,0,0,0,1,0,0,0,0,0,0,0,0,0,0,0,0,1
Arunachal Pradesh,2014,State Govt. Servants,0,3,8,3,0,14,0,2,0,0,0,2,0,0,0,0,0,0,16
Arunachal Pradesh,2014,Other Statutory Body/etc.,0,0,1,1,0,2,0,0,0,0,0,0,0,0,0,0,0,0,2
Arunachal Pradesh,2014,Private Sector Enterprises,0,5,3,0,0,8,0,1,0,0,0,1,0,0,0,0,0,0,9
Arunachal Pradesh,2014,Public Sector Undertaking,0,1,0,0,0,1,0,0,0,0,0,0,0,0,0,0,0,0,1
Arunachal Pradesh,2014,Students,2,11,0,0,0,13,1,11,0,0,0,12,0,0,0,0,0,0,25
Arunachal Pradesh,2014,Unemployed Persons,1,3,3,6,1,14,0,6,1,0,0,7,0,0,0,0,0,0,21
Arunachal Pradesh,2014,Self-employed Persons (Total),0,5,2,1,0,8,1,1,0,0,0,2,0,0,0,0,0,0,10
Arunachal Pradesh,2014,Business (Total),0,2,2,1,0,5,0,0,0,0,0,0,0,0,0,0,0,0,5
Arunachal Pradesh,2014,Vendor,0,1,2,0,0,3,0,0,0,0,0,0,0,0,0,0,0,0,3
Arunachal Pradesh,2014,Tradesmen,0,0,0,0,0,0,0,0,0,0,0,0,0,0,0,0,0,0,0
Arunachal Pradesh,2014,Others,0,1,0,1,0,2,0,0,0,0,0,0,0,0,0,0,0,0,2
Arunachal Pradesh,2014,Agriculture (Total),0,3,0,0,0,3,0,0,0,0,0,0,0,0,0,0,0,0,3
Arunachal Pradesh,2014,Agricultural Labourers,0,3,0,0,0,3,0,0,0,0,0,0,0,0,0,0,0,0,3
Arunachal Pradesh,2014,Farmers (Sub Total),0,0,0,0,0,0,0,0,0,0,0,0,0,0,0,0,0,0,0
Arunachal Pradesh,2014,Have Own Land,0,0,0,0,0,0,0,0,0,0,0,0,0,0,0,0,0,0,0
Arunachal Pradesh,2014,On Contract/Lease,0,0,0,0,0,0,0,0,0,0,0,0,0,0,0,0,0,0,0
Arunachal Pradesh,2014,Others,0,0,0,0,0,0,1,1,0,0,0,2,0,0,0,0,0,0,2
Arunachal Pradesh,2014,Daily Wage Earner,0,9,7,1,0,17,0,0,0,0,0,0,0,0,0,0,0,0,17
Arunachal Pradesh,2014,Retired Persons,0,0,0,0,0,0,0,0,0,0,0,0,0,0,0,0,0,0,0
Arunachal Pradesh,2014,Others,1,16,10,4,1,32,0,7,0,1,0,8,0,0,0,0,0,0,40
Arunachal Pradesh,2014,Total,4,54,34,16,2,110,2,36,7,1,0,46,0,0,0,0,0,0,156
Assam,2014,Housewife,0,0,0,0,0,0,0,195,238,86,3,522,0,0,0,0,0,0,522
Assam,2014,Profession/Salaried Persons (Total),0,46,60,21,0,127,0,0,1,0,0,1,0,0,0,0,0,0,128
Assam,2014,Govt. Servants (Total),0,2,7,4,0,13,0,0,1,0,0,1,0,0,0,0,0,0,14
Assam,2014,Central/UT Govt. Servants,0,1,5,2,0,8,0,0,1,0,0,1,0,0,0,0,0,0,9
Assam,2014,State Govt. Servants,0,1,2,1,0,4,0,0,0,0,0,0,0,0,0,0,0,0,4
Assam,2014,Other Statutory Body/etc.,0,0,0,1,0,1,0,0,0,0,0,0,0,0,0,0,0,0,1
Assam,2014,Private Sector Enterprises,0,27,16,8,0,51,0,0,0,0,0,0,0,0,0,0,0,0,51
Assam,2014,Public Sector Undertaking,0,17,37,9,0,63,0,0,0,0,0,0,0,0,0,0,0,0,63
Assam,2014,Students,2,220,2,0,0,224,1,172,0,0,0,173,0,0,0,0,0,0,397
Assam,2014,Unemployed Persons,0,29,58,23,4,114,0,17,3,0,0,20,0,0,0,0,0,0,134
Assam,2014,Self-employed Persons (Total),0,346,403,210,7,966,0,51,17,2,0,70,0,0,0,0,0,0,1036
Assam,2014,Business (Total),0,249,295,153,5,702,0,31,10,2,0,43,0,0,0,0,0,0,745
Assam,2014,Vendor,0,60,80,42,0,182,0,3,3,1,0,7,0,0,0,0,0,0,189
Assam,2014,Tradesmen,0,41,57,23,0,121,0,3,0,0,0,3,0,0,0,0,0,0,124
Assam,2014,Others,0,148,158,88,5,399,0,25,7,1,0,33,0,0,0,0,0,0,432
Assam,2014,Agriculture (Total),0,16,19,15,0,50,0,4,5,0,0,9,0,0,0,0,0,0,59
Assam,2014,Agricultural Labourers,0,12,9,8,0,29,0,4,5,0,0,9,0,0,0,0,0,0,38
Assam,2014,Farmers (Sub Total),0,4,10,7,0,21,0,0,0,0,0,0,0,0,0,0,0,0,21
Assam,2014,Have Own Land,0,4,10,7,0,21,0,0,0,0,0,0,0,0,0,0,0,0,21
Assam,2014,On Contract/Lease,0,0,0,0,0,0,0,0,0,0,0,0,0,0,0,0,0,0,0
Assam,2014,Others,0,81,89,42,2,214,0,16,2,0,0,18,0,0,0,0,0,0,232
Assam,2014,Daily Wage Earner,0,18,27,24,0,69,0,0,0,0,0,0,0,0,0,0,0,0,69
Assam,2014,Retired Persons,0,0,0,7,1,8,0,0,0,0,0,0,0,0,0,0,0,0,8
Assam,2014,Others,5,360,365,225,47,1002,3,160,54,26,7,250,0,0,0,0,0,0,1252
Assam,2014,Total,7,1019,915,510,59,2510,4,595,313,114,10,1036,0,0,0,0,0,0,3546
Bihar,2014,Housewife,0,0,0,0,0,0,0,58,36,7,0,101,0,0,0,0,0,0,101
Bihar,2014,Profession/Salaried Persons (Total),0,21,9,5,0,35,0,15,3,1,2,21,0,0,0,0,0,0,56
Bihar,2014,Govt. Servants (Total),0,4,1,3,0,8,0,4,0,1,0,5,0,0,0,0,0,0,13
Bihar,2014,Central/UT Govt. Servants,0,1,1,2,0,4,0,0,0,1,0,1,0,0,0,0,0,0,5
Bihar,2014,State Govt. Servants,0,0,0,1,0,1,0,1,0,0,0,1,0,0,0,0,0,0,2
Bihar,2014,Other Statutory Body/etc.,0,3,0,0,0,3,0,3,0,0,0,3,0,0,0,0,0,0,6
Bihar,2014,Private Sector Enterprises,0,12,6,2,0,20,0,11,3,0,2,16,0,0,0,0,0,0,36
Bihar,2014,Public Sector Undertaking,0,5,2,0,0,7,0,0,0,0,0,0,0,0,0,0,0,0,7
Bihar,2014,Students,9,26,5,0,0,40,3,36,0,0,0,39,0,0,0,0,0,0,79
Bihar,2014,Unemployed Persons,0,25,22,4,2,53,0,6,3,0,0,9,0,0,0,0,0,0,62
Bihar,2014,Self-employed Persons (Total),0,22,46,9,0,77,0,7,2,0,0,9,0,0,0,0,0,0,86
Bihar,2014,Business (Total),0,16,43,6,0,65,0,7,2,0,0,9,0,0,0,0,0,0,74
Bihar,2014,Vendor,0,3,3,0,0,6,0,0,0,0,0,0,0,0,0,0,0,0,6
Bihar,2014,Tradesmen,0,1,1,1,0,3,0,0,0,0,0,0,0,0,0,0,0,0,3
Bihar,2014,Others,0,12,39,5,0,56,0,7,2,0,0,9,0,0,0,0,0,0,65
Bihar,2014,Agriculture (Total),0,5,2,3,0,10,0,0,0,0,0,0,0,0,0,0,0,0,10
Bihar,2014,Agricultural Labourers,0,5,2,3,0,10,0,0,0,0,0,0,0,0,0,0,0,0,10
Bihar,2014,Farmers (Sub Total),0,0,0,0,0,0,0,0,0,0,0,0,0,0,0,0,0,0,0
Bihar,2014,Have Own Land,0,0,0,0,0,0,0,0,0,0,0,0,0,0,0,0,0,0,0
Bihar,2014,On Contract/Lease,0,0,0,0,0,0,0,0,0,0,0,0,0,0,0,0,0,0,0
Bihar,2014,Others,0,1,1,0,0,2,0,0,0,0,0,0,0,0,0,0,0,0,2
Bihar,2014,Daily Wage Earner,0,2,6,3,0,11,0,0,0,0,0,0,0,0,0,0,0,0,11
Bihar,2014,Retired Persons,0,0,0,1,0,1,0,0,0,0,0,0,0,0,0,0,0,0,1
Bihar,2014,Others,2,65,46,40,52,205,1,43,57,17,0,118,0,0,0,0,0,0,323
Bihar,2014,Total,11,161,134,62,54,422,4,165,101,25,2,297,0,0,0,0,0,0,719
Chhattisgarh,2014,Housewife,0,0,0,0,0,0,0,474,320,140,48,982,0,0,0,0,0,0,982
Chhattisgarh,2014,Profession/Salaried Persons (Total),1,79,95,73,8,256,0,13,11,0,0,24,0,0,0,0,0,0,280
Chhattisgarh,2014,Govt. Servants (Total),1,33,33,31,6,104,0,4,4,0,0,8,0,0,0,0,0,0,112
Chhattisgarh,2014,Central/UT Govt. Servants,0,7,5,7,0,19,0,0,0,0,0,0,0,0,0,0,0,0,19
Chhattisgarh,2014,State Govt. Servants,0,20,21,20,4,65,0,4,4,0,0,8,0,0,0,0,0,0,73
Chhattisgarh,2014,Other Statutory Body/etc.,1,6,7,4,2,20,0,0,0,0,0,0,0,0,0,0,0,0,20
Chhattisgarh,2014,Private Sector Enterprises,0,43,52,34,2,131,0,9,7,0,0,16,0,0,0,0,0,0,147
Chhattisgarh,2014,Public Sector Undertaking,0,3,10,8,0,21,0,0,0,0,0,0,0,0,0,0,0,0,21
Chhattisgarh,2014,Students,35,180,6,1,0,222,25,168,0,0,1,194,0,0,0,0,0,0,416
Chhattisgarh,2014,Unemployed Persons,0,189,93,21,3,306,0,14,1,1,1,17,0,0,0,0,0,0,323
Chhattisgarh,2014,Self-employed Persons (Total),3,373,420,323,64,1183,2,92,58,20,13,185,0,0,0,0,0,0,1368
Chhattisgarh,2014,Business (Total),2,112,113,73,16,316,0,21,10,1,1,33,0,0,0,0,0,0,349
Chhattisgarh,2014,Vendor,0,8,28,14,0,50,0,0,0,0,0,0,0,0,0,0,0,0,50
Chhattisgarh,2014,Tradesmen,0,2,8,18,0,28,0,0,0,0,0,0,0,0,0,0,0,0,28
Chhattisgarh,2014,Others,2,102,77,41,16,238,0,21,10,1,1,33,0,0,0,0,0,0,271
Chhattisgarh,2014,Agriculture (Total),1,185,230,195,37,648,0,52,35,12,8,107,0,0,0,0,0,0,755
Chhattisgarh,2014,Agricultural Labourers,1,94,73,77,12,257,0,24,22,8,1,55,0,0,0,0,0,0,312
Chhattisgarh,2014,Farmers (Sub Total),0,91,157,118,25,391,0,28,13,4,7,52,0,0,0,0,0,0,443
Chhattisgarh,2014,Have Own Land,0,84,133,104,25,346,0,28,13,4,7,52,0,0,0,0,0,0,398
Chhattisgarh,2014,On Contract/Lease,0,7,24,14,0,45,0,0,0,0,0,0,0,0,0,0,0,0,45
Chhattisgarh,2014,Others,0,76,77,55,11,219,2,19,13,7,4,45,0,0,0,0,0,0,264
Chhattisgarh,2014,Daily Wage Earner,0,184,229,110,23,546,0,46,32,15,2,95,0,0,0,0,0,0,641
Chhattisgarh,2014,Retired Persons,0,0,0,2,6,8,0,0,0,0,0,0,0,0,0,0,0,0,8
Chhattisgarh,2014,Others,16,466,379,236,145,1242,16,232,58,69,48,423,0,0,0,0,0,0,1665
Chhattisgarh,2014,Total,55,1471,1222,766,249,3763,43,1039,480,245,113,1920,0,0,0,0,0,0,5683
Goa,2014,Housewife,0,0,0,0,0,0,0,13,16,9,8,46,0,0,0,0,0,0,46
Goa,2014,Profession/Salaried Persons (Total),0,20,9,7,2,38,0,8,2,1,0,11,0,0,0,0,0,0,49
Goa,2014,Govt. Servants (Total),0,3,2,2,0,7,0,0,1,0,0,1,0,0,0,0,0,0,8
Goa,2014,Central/UT Govt. Servants,0,2,0,0,0,2,0,0,0,0,0,0,0,0,0,0,0,0,2
Goa,2014,State Govt. Servants,0,1,1,2,0,4,0,0,1,0,0,1,0,0,0,0,0,0,5
Goa,2014,Other Statutory Body/etc.,0,0,1,0,0,1,0,0,0,0,0,0,0,0,0,0,0,0,1
Goa,2014,Private Sector Enterprises,0,17,5,4,2,28,0,8,1,1,0,10,0,0,0,0,0,0,38
Goa,2014,Public Sector Undertaking,0,0,2,1,0,3,0,0,0,0,0,0,0,0,0,0,0,0,3
Goa,2014,Students,1,6,0,0,0,7,2,6,0,0,0,8,0,0,0,0,0,0,15
Goa,2014,Unemployed Persons,0,15,13,15,8,51,0,3,1,1,3,8,0,0,0,0,0,0,59
Goa,2014,Self-employed Persons (Total),0,5,7,1,0,13,0,1,3,1,0,5,0,0,0,0,0,0,18
Goa,2014,Business (Total),0,5,7,1,0,13,0,1,3,1,0,5,0,0,0,0,0,0,18
Goa,2014,Vendor,0,0,0,0,0,0,0,1,2,0,0,3,0,0,0,0,0,0,3
Goa,2014,Tradesmen,0,0,0,0,0,0,0,0,0,0,0,0,0,0,0,0,0,0,0
Goa,2014,Others,0,5,7,1,0,13,0,0,1,1,0,2,0,0,0,0,0,0,15
Goa,2014,Agriculture (Total),0,0,0,0,0,0,0,0,0,0,0,0,0,0,0,0,0,0,0
Goa,2014,Agricultural Labourers,0,0,0,0,0,0,0,0,0,0,0,0,0,0,0,0,0,0,0
Goa,2014,Farmers (Sub Total),0,0,0,0,0,0,0,0,0,0,0,0,0,0,0,0,0,0,0
Goa,2014,Have Own Land,0,0,0,0,0,0,0,0,0,0,0,0,0,0,0,0,0,0,0
Goa,2014,On Contract/Lease,0,0,0,0,0,0,0,0,0,0,0,0,0,0,0,0,0,0,0
Goa,2014,Others,0,0,0,0,0,0,0,0,0,0,0,0,0,0,0,0,0,0,0
Goa,2014,Daily Wage Earner,0,11,11,5,0,27,0,2,0,1,0,3,0,0,0,0,0,0,30
Goa,2014,Retired Persons,0,0,0,0,3,3,0,0,0,0,0,0,0,0,0,0,0,0,3
Goa,2014,Others,0,7,28,24,5,64,0,6,1,0,0,7,0,0,0,0,0,0,71
Goa,2014,Total,1,64,68,52,18,203,2,39,23,13,11,88,0,0,0,0,0,0,291
Gujarat,2014,Housewife,0,0,0,0,0,0,2,809,605,264,89,1769,0,0,0,0,0,0,1769
Gujarat,2014,Profession/Salaried Persons (Total),0,177,258,115,4,554,0,18,16,2,0,36,0,0,0,0,0,0,590
Gujarat,2014,Govt. Servants (Total),0,23,45,28,0,96,0,6,6,0,0,12,0,0,0,0,0,0,108
Gujarat,2014,Central/UT Govt. Servants,0,6,13,11,0,30,0,0,3,0,0,3,0,0,0,0,0,0,33
Gujarat,2014,State Govt. Servants,0,4,17,11,0,32,0,4,3,0,0,7,0,0,0,0,0,0,39
Gujarat,2014,Other Statutory Body/etc.,0,13,15,6,0,34,0,2,0,0,0,2,0,0,0,0,0,0,36
Gujarat,2014,Private Sector Enterprises,0,142,198,78,4,422,0,9,9,1,0,19,0,0,0,0,0,0,441
Gujarat,2014,Public Sector Undertaking,0,12,15,9,0,36,0,3,1,1,0,5,0,0,0,0,0,0,41
Gujarat,2014,Students,8,167,8,0,0,183,15,165,4,0,0,184,0,0,0,0,0,0,367
Gujarat,2014,Unemployed Persons,0,188,170,82,10,450,0,7,1,1,2,11,0,0,0,0,0,0,461
Gujarat,2014,Self-employed Persons (Total),1,361,436,240,54,1092,1,66,29,13,10,119,0,0,0,0,0,0,1211
Gujarat,2014,Business (Total),1,149,176,102,8,436,0,15,4,2,1,22,0,0,0,0,0,0,458
Gujarat,2014,Vendor,0,8,6,10,0,24,0,0,0,0,0,0,0,0,0,0,0,0,24
Gujarat,2014,Tradesmen,0,48,67,49,0,164,0,2,0,0,0,2,0,0,0,0,0,0,166
Gujarat,2014,Others,1,93,103,43,8,248,0,13,4,2,1,20,0,0,0,0,0,0,268
Gujarat,2014,Agriculture (Total),0,174,199,104,36,513,1,44,23,10,9,87,0,0,0,0,0,0,600
Gujarat,2014,Agricultural Labourers,0,167,184,96,35,482,1,39,17,8,8,73,0,0,0,0,0,0,555
Gujarat,2014,Farmers (Sub Total),0,7,15,8,1,31,0,5,6,2,1,14,0,0,0,0,0,0,45
Gujarat,2014,Have Own Land,0,7,12,3,1,23,0,1,5,1,1,8,0,0,0,0,0,0,31
Gujarat,2014,On Contract/Lease,0,0,3,5,0,8,0,4,1,1,0,6,0,0,0,0,0,0,14
Gujarat,2014,Others,0,38,61,34,10,143,0,7,2,1,0,10,0,0,0,0,0,0,153
Gujarat,2014,Daily Wage Earner,0,220,256,108,13,597,0,40,22,5,5,72,0,0,0,0,0,0,669
Gujarat,2014,Retired Persons,0,2,7,32,70,111,0,0,0,1,30,31,0,0,0,0,0,0,142
Gujarat,2014,Others,19,654,572,252,119,1616,8,229,88,51,24,400,0,0,0,0,0,0,2016
Gujarat,2014,Total,28,1769,1707,829,270,4603,26,1334,765,337,160,2622,0,0,0,0,0,0,7225
Haryana,2014,Housewife,0,0,0,0,0,0,1,169,88,32,15,305,0,0,0,0,0,0,305
Haryana,2014,Profession/Salaried Persons (Total),0,51,91,51,9,202,0,16,19,3,0,38,0,0,0,0,0,0,240
Haryana,2014,Govt. Servants (Total),0,10,23,16,4,53,0,4,3,1,0,8,0,0,0,0,0,0,61
Haryana,2014,Central/UT Govt. Servants,0,3,5,2,0,10,0,2,0,0,0,2,0,0,0,0,0,0,12
Haryana,2014,State Govt. Servants,0,5,15,14,2,36,0,2,2,1,0,5,0,0,0,0,0,0,41
Haryana,2014,Other Statutory Body/etc.,0,2,3,0,2,7,0,0,1,0,0,1,0,0,0,0,0,0,8
Haryana,2014,Private Sector Enterprises,0,29,53,23,4,109,0,11,14,1,0,26,0,0,0,0,0,0,135
Haryana,2014,Public Sector Undertaking,0,12,15,12,1,40,0,1,2,1,0,4,0,0,0,0,0,0,44
Haryana,2014,Students,12,99,8,0,2,121,4,36,2,0,0,42,0,0,0,0,0,0,163
Haryana,2014,Unemployed Persons,4,95,83,45,5,232,0,3,0,1,0,4,0,0,0,0,0,0,236
Haryana,2014,Self-employed Persons (Total),0,117,150,83,16,366,0,6,1,1,1,9,0,0,0,0,0,0,375
Haryana,2014,Business (Total),0,60,60,34,6,160,0,2,0,0,0,2,0,0,0,0,0,0,162
Haryana,2014,Vendor,0,5,9,9,0,23,0,0,0,0,0,0,0,0,0,0,0,0,23
Haryana,2014,Tradesmen,0,31,25,13,3,72,0,2,0,0,0,2,0,0,0,0,0,0,74
Haryana,2014,Others,0,24,26,12,3,65,0,0,0,0,0,0,0,0,0,0,0,0,65
Haryana,2014,Agriculture (Total),0,39,50,26,4,119,0,0,0,0,0,0,0,0,0,0,0,0,119
Haryana,2014,Agricultural Labourers,0,36,45,21,3,105,0,0,0,0,0,0,0,0,0,0,0,0,105
Haryana,2014,Farmers (Sub Total),0,3,5,5,1,14,0,0,0,0,0,0,0,0,0,0,0,0,14
Haryana,2014,Have Own Land,0,3,4,2,1,10,0,0,0,0,0,0,0,0,0,0,0,0,10
Haryana,2014,On Contract/Lease,0,0,1,3,0,4,0,0,0,0,0,0,0,0,0,0,0,0,4
Haryana,2014,Others,0,18,40,23,6,87,0,4,1,1,1,7,0,0,0,0,0,0,94
Haryana,2014,Daily Wage Earner,0,75,81,40,16,212,0,5,4,2,0,11,0,0,0,0,0,0,223
Haryana,2014,Retired Persons,0,2,2,3,3,10,0,0,0,0,0,0,0,0,0,0,0,0,10
Haryana,2014,Others,16,524,498,256,85,1379,13,149,78,23,9,272,0,0,0,0,0,0,1651
Haryana,2014,Total,32,963,913,478,136,2522,18,384,192,62,25,681,0,0,0,0,0,0,3203
Himachal Pradesh,2014,Housewife,0,0,0,0,0,0,0,42,45,27,7,121,0,0,0,0,0,0,121
Himachal Pradesh,2014,Profession/Salaried Persons (Total),0,9,17,14,4,44,0,2,2,1,0,5,0,0,0,0,0,0,49
Himachal Pradesh,2014,Govt. Servants (Total),0,4,9,6,1,20,0,1,0,0,0,1,0,0,0,0,0,0,21
Himachal Pradesh,2014,Central/UT Govt. Servants,0,2,2,0,1,5,0,0,0,0,0,0,0,0,0,0,0,0,5
Himachal Pradesh,2014,State Govt. Servants,0,2,6,4,0,12,0,1,0,0,0,1,0,0,0,0,0,0,13
Himachal Pradesh,2014,Other Statutory Body/etc.,0,0,1,2,0,3,0,0,0,0,0,0,0,0,0,0,0,0,3
Himachal Pradesh,2014,Private Sector Enterprises,0,5,6,7,3,21,0,1,2,1,0,4,0,0,0,0,0,0,25
Himachal Pradesh,2014,Public Sector Undertaking,0,0,2,1,0,3,0,0,0,0,0,0,0,0,0,0,0,0,3
Himachal Pradesh,2014,Students,6,18,0,0,0,24,1,21,0,0,0,22,0,0,0,0,0,0,46
Himachal Pradesh,2014,Unemployed Persons,0,36,36,12,8,92,0,10,11,0,1,22,0,0,0,0,0,0,114
Himachal Pradesh,2014,Self-employed Persons (Total),0,30,38,17,3,88,0,0,2,2,0,4,0,0,0,0,0,0,92
Himachal Pradesh,2014,Business (Total),0,6,11,5,1,23,0,0,0,0,0,0,0,0,0,0,0,0,23
Himachal Pradesh,2014,Vendor,0,0,0,0,0,0,0,0,0,0,0,0,0,0,0,0,0,0,0
Himachal Pradesh,2014,Tradesmen,0,0,0,0,0,0,0,0,0,0,0,0,0,0,0,0,0,0,0
Himachal Pradesh,2014,Others,0,6,11,5,1,23,0,0,0,0,0,0,0,0,0,0,0,0,23
Himachal Pradesh,2014,Agriculture (Total),0,22,23,12,2,59,0,0,2,2,0,4,0,0,0,0,0,0,63
Himachal Pradesh,2014,Agricultural Labourers,0,13,15,3,0,31,0,0,0,0,0,0,0,0,0,0,0,0,31
Himachal Pradesh,2014,Farmers (Sub Total),0,9,8,9,2,28,0,0,2,2,0,4,0,0,0,0,0,0,32
Himachal Pradesh,2014,Have Own Land,0,9,8,9,2,28,0,0,2,2,0,4,0,0,0,0,0,0,32
Himachal Pradesh,2014,On Contract/Lease,0,0,0,0,0,0,0,0,0,0,0,0,0,0,0,0,0,0,0
Himachal Pradesh,2014,Others,0,2,4,0,0,6,0,0,0,0,0,0,0,0,0,0,0,0,6
Himachal Pradesh,2014,Daily Wage Earner,0,0,1,0,0,1,0,0,1,0,0,1,0,0,0,0,0,0,2
Himachal Pradesh,2014,Retired Persons,0,0,0,0,0,0,0,0,0,0,0,0,0,0,0,0,0,0,0
Himachal Pradesh,2014,Others,0,61,58,21,7,147,3,39,18,8,5,73,0,0,0,0,0,0,220
Himachal Pradesh,2014,Total,6,154,150,64,22,396,4,114,79,38,13,248,0,0,0,0,0,0,644
Jammu & Kashmir,2014,Housewife,0,0,0,0,0,0,0,16,6,4,0,26,0,0,0,0,0,0,26
Jammu & Kashmir,2014,Profession/Salaried Persons (Total),0,1,12,5,0,18,0,0,0,0,0,0,0,0,0,0,0,0,18
Jammu & Kashmir,2014,Govt. Servants (Total),0,0,9,2,0,11,0,0,0,0,0,0,0,0,0,0,0,0,11
Jammu & Kashmir,2014,Central/UT Govt. Servants,0,0,8,1,0,9,0,0,0,0,0,0,0,0,0,0,0,0,9
Jammu & Kashmir,2014,State Govt. Servants,0,0,1,1,0,2,0,0,0,0,0,0,0,0,0,0,0,0,2
Jammu & Kashmir,2014,Other Statutory Body/etc.,0,0,0,0,0,0,0,0,0,0,0,0,0,0,0,0,0,0,0
Jammu & Kashmir,2014,Private Sector Enterprises,0,1,3,3,0,7,0,0,0,0,0,0,0,0,0,0,0,0,7
Jammu & Kashmir,2014,Public Sector Undertaking,0,0,0,0,0,0,0,0,0,0,0,0,0,0,0,0,0,0,0
Jammu & Kashmir,2014,Students,2,6,0,0,0,8,0,12,0,0,0,12,0,0,0,0,0,0,20
Jammu & Kashmir,2014,Unemployed Persons,0,14,9,5,1,29,0,12,2,0,0,14,0,0,0,0,0,0,43
Jammu & Kashmir,2014,Self-employed Persons (Total),0,14,12,6,2,34,0,7,2,1,0,10,0,0,0,0,0,0,44
Jammu & Kashmir,2014,Business (Total),0,1,1,0,0,2,0,4,0,0,0,4,0,0,0,0,0,0,6
Jammu & Kashmir,2014,Vendor,0,0,0,0,0,0,0,0,0,0,0,0,0,0,0,0,0,0,0
Jammu & Kashmir,2014,Tradesmen,0,0,0,0,0,0,0,0,0,0,0,0,0,0,0,0,0,0,0
Jammu & Kashmir,2014,Others,0,1,1,0,0,2,0,4,0,0,0,4,0,0,0,0,0,0,6
Jammu & Kashmir,2014,Agriculture (Total),0,13,11,6,2,32,0,3,2,0,0,5,0,0,0,0,0,0,37
Jammu & Kashmir,2014,Agricultural Labourers,0,8,9,6,2,25,0,0,0,0,0,0,0,0,0,0,0,0,25
Jammu & Kashmir,2014,Farmers (Sub Total),0,5,2,0,0,7,0,3,2,0,0,5,0,0,0,0,0,0,12
Jammu & Kashmir,2014,Have Own Land,0,0,1,0,0,1,0,0,0,0,0,0,0,0,0,0,0,0,1
Jammu & Kashmir,2014,On Contract/Lease,0,5,1,0,0,6,0,3,2,0,0,5,0,0,0,0,0,0,11
Jammu & Kashmir,2014,Others,0,0,0,0,0,0,0,0,0,1,0,1,0,0,0,0,0,0,1
Jammu & Kashmir,2014,Daily Wage Earner,0,0,0,0,0,0,0,0,0,0,0,0,0,0,0,0,0,0,0
Jammu & Kashmir,2014,Retired Persons,0,0,1,1,0,2,0,0,0,0,0,0,0,0,0,0,0,0,2
Jammu & Kashmir,2014,Others,1,23,20,10,5,59,0,28,16,2,0,46,0,0,0,0,0,0,105
Jammu & Kashmir,2014,Total,3,58,54,27,8,150,0,75,26,7,0,108,0,0,0,0,0,0,258
Jharkhand,2014,Housewife,0,0,0,0,0,0,0,55,40,9,2,106,0,0,0,0,0,0,106
Jharkhand,2014,Profession/Salaried Persons (Total),0,35,34,10,0,79,0,5,2,1,0,8,0,0,0,0,0,0,87
Jharkhand,2014,Govt. Servants (Total),0,9,12,3,0,24,0,2,0,0,0,2,0,0,0,0,0,0,26
Jharkhand,2014,Central/UT Govt. Servants,0,4,5,0,0,9,0,1,0,0,0,1,0,0,0,0,0,0,10
Jharkhand,2014,State Govt. Servants,0,4,3,2,0,9,0,1,0,0,0,1,0,0,0,0,0,0,10
Jharkhand,2014,Other Statutory Body/etc.,0,1,4,1,0,6,0,0,0,0,0,0,0,0,0,0,0,0,6
Jharkhand,2014,Private Sector Enterprises,0,12,13,7,0,32,0,3,2,1,0,6,0,0,0,0,0,0,38
Jharkhand,2014,Public Sector Undertaking,0,14,9,0,0,23,0,0,0,0,0,0,0,0,0,0,0,0,23
Jharkhand,2014,Students,7,79,6,5,0,97,9,33,3,0,0,45,0,0,0,0,0,0,142
Jharkhand,2014,Unemployed Persons,0,31,33,23,1,88,2,4,5,0,0,11,0,0,0,0,0,0,99
Jharkhand,2014,Self-employed Persons (Total),0,63,57,32,1,153,2,24,7,0,0,33,0,0,0,0,0,0,186
Jharkhand,2014,Business (Total),0,54,31,25,1,111,2,10,5,0,0,17,0,0,0,0,0,0,128
Jharkhand,2014,Vendor,0,11,8,4,0,23,0,4,0,0,0,4,0,0,0,0,0,0,27
Jharkhand,2014,Tradesmen,0,2,5,4,0,11,2,1,1,0,0,4,0,0,0,0,0,0,15
Jharkhand,2014,Others,0,41,18,17,1,77,0,5,4,0,0,9,0,0,0,0,0,0,86
Jharkhand,2014,Agriculture (Total),0,0,4,0,0,4,0,0,0,0,0,0,0,0,0,0,0,0,4
Jharkhand,2014,Agricultural Labourers,0,0,4,0,0,4,0,0,0,0,0,0,0,0,0,0,0,0,4
Jharkhand,2014,Farmers (Sub Total),0,0,0,0,0,0,0,0,0,0,0,0,0,0,0,0,0,0,0
Jharkhand,2014,Have Own Land,0,0,0,0,0,0,0,0,0,0,0,0,0,0,0,0,0,0,0
Jharkhand,2014,On Contract/Lease,0,0,0,0,0,0,0,0,0,0,0,0,0,0,0,0,0,0,0
Jharkhand,2014,Others,0,9,22,7,0,38,0,14,2,0,0,16,0,0,0,0,0,0,54
Jharkhand,2014,Daily Wage Earner,0,8,12,6,0,26,0,1,0,0,0,1,0,0,0,0,0,0,27
Jharkhand,2014,Retired Persons,0,0,0,0,1,1,0,0,0,0,0,0,0,0,0,0,0,0,1
Jharkhand,2014,Others,14,196,131,83,22,446,11,128,41,16,10,206,0,0,0,0,0,0,652
Jharkhand,2014,Total,21,412,273,159,25,890,24,250,98,26,12,410,0,0,0,0,0,0,1300
Karnataka,2014,Housewife,0,0,0,0,0,0,0,560,423,185,107,1275,0,0,0,0,0,0,1275
Karnataka,2014,Profession/Salaried Persons (Total),0,248,271,136,9,664,0,74,41,18,2,135,0,0,0,0,0,0,799
Karnataka,2014,Govt. Servants (Total),0,31,65,58,2,156,0,9,16,5,1,31,0,0,0,0,0,0,187
Karnataka,2014,Central/UT Govt. Servants,0,5,9,13,1,28,0,0,2,0,0,2,0,0,0,0,0,0,30
Karnataka,2014,State Govt. Servants,0,18,41,36,1,96,0,7,13,5,1,26,0,0,0,0,0,0,122
Karnataka,2014,Other Statutory Body/etc.,0,8,15,9,0,32,0,2,1,0,0,3,0,0,0,0,0,0,35
Karnataka,2014,Private Sector Enterprises,0,194,172,65,5,436,0,64,24,8,1,97,0,0,0,0,0,0,533
Karnataka,2014,Public Sector Undertaking,0,23,34,13,2,72,0,1,1,5,0,7,0,0,0,0,0,0,79
Karnataka,2014,Students,26,245,6,1,0,278,24,253,15,0,0,292,0,0,0,0,0,0,570
Karnataka,2014,Unemployed Persons,0,201,180,73,44,498,0,47,9,11,1,68,0,0,1,0,0,1,567
Karnataka,2014,Self-employed Persons (Total),0,455,581,393,129,1558,1,79,60,36,14,190,0,0,0,0,0,0,1748
Karnataka,2014,Business (Total),0,159,223,133,58,573,1,14,18,9,4,46,0,0,0,0,0,0,619
Karnataka,2014,Vendor,0,19,57,34,31,141,0,2,6,3,2,13,0,0,0,0,0,0,154
Karnataka,2014,Tradesmen,0,12,27,17,2,58,0,1,3,3,2,9,0,0,0,0,0,0,67
Karnataka,2014,Others,0,128,139,82,25,374,1,11,9,3,0,24,0,0,0,0,0,0,398
Karnataka,2014,Agriculture (Total),0,209,252,198,55,714,0,25,15,10,4,54,0,0,0,0,0,0,768
Karnataka,2014,Agricultural Labourers,0,126,149,114,28,417,0,15,8,6,1,30,0,0,0,0,0,0,447
Karnataka,2014,Farmers (Sub Total),0,83,103,84,27,297,0,10,7,4,3,24,0,0,0,0,0,0,321
Karnataka,2014,Have Own Land,0,69,91,76,26,262,0,10,7,4,3,24,0,0,0,0,0,0,286
Karnataka,2014,On Contract/Lease,0,14,12,8,1,35,0,0,0,0,0,0,0,0,0,0,0,0,35
Karnataka,2014,Others,0,87,106,62,16,271,0,40,27,17,6,90,0,0,0,0,0,0,361
Karnataka,2014,Daily Wage Earner,0,212,295,177,37,721,0,45,19,10,5,79,0,0,0,0,0,0,800
Karnataka,2014,Retired Persons,0,9,7,9,40,65,0,0,1,0,0,1,0,0,0,0,0,0,66
Karnataka,2014,Others,28,1433,1399,822,218,3900,14,499,309,335,62,1219,0,1,0,0,0,1,5120
Karnataka,2014,Total,54,2803,2739,1611,477,7684,39,1557,877,595,191,3259,0,1,1,0,0,2,10945
Kerala,2014,Housewife,0,0,0,0,0,0,0,231,304,225,190,950,0,0,0,0,0,0,950
Kerala,2014,Profession/Salaried Persons (Total),0,109,183,225,26,543,0,37,25,29,0,91,0,0,0,0,0,0,634
Kerala,2014,Govt. Servants (Total),0,3,21,29,2,55,0,5,2,7,0,14,0,0,0,0,0,0,69
Kerala,2014,Central/UT Govt. Servants,0,0,1,3,0,4,0,3,0,0,0,3,0,0,0,0,0,0,7
Kerala,2014,State Govt. Servants,0,3,16,23,2,44,0,1,1,7,0,9,0,0,0,0,0,0,53
Kerala,2014,Other Statutory Body/etc.,0,0,4,3,0,7,0,1,1,0,0,2,0,0,0,0,0,0,9
Kerala,2014,Private Sector Enterprises,0,97,138,175,24,434,0,31,18,15,0,64,0,0,0,0,0,0,498
Kerala,2014,Public Sector Undertaking,0,9,24,21,0,54,0,1,5,7,0,13,0,0,0,0,0,0,67
Kerala,2014,Students,29,154,1,2,0,186,22,209,1,0,0,232,0,0,0,0,0,0,418
Kerala,2014,Unemployed Persons,0,176,243,330,377,1126,0,67,30,31,75,203,0,0,0,0,0,0,1329
Kerala,2014,Self-employed Persons (Total),0,225,572,457,296,1550,1,32,60,67,67,227,0,0,0,0,0,0,1777
Kerala,2014,Business (Total),0,90,175,192,87,544,0,1,0,12,2,15,0,0,0,0,0,0,559
Kerala,2014,Vendor,0,1,3,0,0,4,0,0,0,0,0,0,0,0,0,0,0,0,4
Kerala,2014,Tradesmen,0,23,36,35,24,118,0,0,0,0,0,0,0,0,0,0,0,0,118
Kerala,2014,Others,0,66,136,157,63,422,0,1,0,12,2,15,0,0,0,0,0,0,437
Kerala,2014,Agriculture (Total),0,93,208,219,155,675,0,16,26,39,51,132,0,0,0,0,0,0,807
Kerala,2014,Agricultural Labourers,0,73,181,183,131,568,0,16,26,39,51,132,0,0,0,0,0,0,700
Kerala,2014,Farmers (Sub Total),0,20,27,36,24,107,0,0,0,0,0,0,0,0,0,0,0,0,107
Kerala,2014,Have Own Land,0,16,23,29,15,83,0,0,0,0,0,0,0,0,0,0,0,0,83
Kerala,2014,On Contract/Lease,0,4,4,7,9,24,0,0,0,0,0,0,0,0,0,0,0,0,24
Kerala,2014,Others,0,42,189,46,54,331,1,15,34,16,14,80,0,0,0,0,0,0,411
Kerala,2014,Daily Wage Earner,0,266,590,592,218,1666,0,26,36,43,24,129,0,0,0,0,0,0,1795
Kerala,2014,Retired Persons,0,2,2,16,89,109,0,1,0,1,9,11,0,0,0,0,0,0,120
Kerala,2014,Others,1,194,340,370,327,1232,0,46,37,38,70,191,0,0,0,0,0,0,1423
Kerala,2014,Total,30,1126,1931,1992,1333,6412,23,649,493,434,435,2034,0,0,0,0,0,0,8446
Madhya Pradesh,2014,Housewife,0,0,0,0,0,0,2,1250,647,194,81,2174,0,0,0,0,0,0,2174
Madhya Pradesh,2014,Profession/Salaried Persons (Total),4,207,125,77,15,428,1,59,15,3,3,81,0,0,0,0,0,0,509
Madhya Pradesh,2014,Govt. Servants (Total),0,30,41,34,2,107,0,7,3,1,0,11,0,0,0,0,0,0,118
Madhya Pradesh,2014,Central/UT Govt. Servants,0,6,9,4,0,19,0,0,0,0,0,0,0,0,0,0,0,0,19
Madhya Pradesh,2014,State Govt. Servants,0,16,24,27,1,68,0,7,3,0,0,10,0,0,0,0,0,0,78
Madhya Pradesh,2014,Other Statutory Body/etc.,0,8,8,3,1,20,0,0,0,1,0,1,0,0,0,0,0,0,21
Madhya Pradesh,2014,Private Sector Enterprises,4,123,73,33,8,241,1,50,9,2,3,65,0,0,0,0,0,0,306
Madhya Pradesh,2014,Public Sector Undertaking,0,54,11,10,5,80,0,2,3,0,0,5,0,0,0,0,0,0,85
Madhya Pradesh,2014,Students,29,270,1,0,0,300,29,314,2,0,0,345,0,0,0,0,0,0,645
Madhya Pradesh,2014,Unemployed Persons,0,139,103,34,7,283,2,30,13,3,2,50,0,0,0,0,0,0,333
Madhya Pradesh,2014,Self-employed Persons (Total),1,537,580,324,107,1549,5,191,91,29,20,336,0,0,0,0,0,0,1885
Madhya Pradesh,2014,Business (Total),1,169,117,62,9,358,0,43,30,5,4,82,0,0,0,0,0,0,440
Madhya Pradesh,2014,Vendor,0,48,20,5,2,75,0,10,24,1,1,36,0,0,0,0,0,0,111
Madhya Pradesh,2014,Tradesmen,0,54,34,18,4,110,0,5,2,1,1,9,0,0,0,0,0,0,119
Madhya Pradesh,2014,Others,1,67,63,39,3,173,0,28,4,3,2,37,0,0,0,0,0,0,210
Madhya Pradesh,2014,Agriculture (Total),0,300,392,211,89,992,2,124,49,16,15,206,0,0,0,0,0,0,1198
Madhya Pradesh,2014,Agricultural Labourers,0,93,136,55,20,304,0,49,7,6,6,68,0,0,0,0,0,0,372
Madhya Pradesh,2014,Farmers (Sub Total),0,207,256,156,69,688,2,75,42,10,9,138,0,0,0,0,0,0,826
Madhya Pradesh,2014,Have Own Land,0,196,236,149,67,648,1,71,41,10,9,132,0,0,0,0,0,0,780
Madhya Pradesh,2014,On Contract/Lease,0,11,20,7,2,40,1,4,1,0,0,6,0,0,0,0,0,0,46
Madhya Pradesh,2014,Others,0,68,71,51,9,199,3,24,12,8,1,48,0,0,0,0,0,0,247
Madhya Pradesh,2014,Daily Wage Earner,1,508,383,170,44,1106,1,88,29,19,5,142,0,0,0,0,0,0,1248
Madhya Pradesh,2014,Retired Persons,0,4,3,0,6,13,0,2,3,0,0,5,0,0,0,0,0,0,18
Madhya Pradesh,2014,Others,51,774,470,249,118,1662,19,339,103,79,25,565,0,0,0,0,0,0,2227
Madhya Pradesh,2014,Total,86,2439,1665,854,297,5341,59,2273,903,327,136,3698,0,0,0,0,0,0,9039
Maharashtra,2014,Housewife,0,0,0,0,0,0,5,1454,896,359,207,2921,0,0,0,0,0,0,2921
Maharashtra,2014,Profession/Salaried Persons (Total),0,628,718,335,23,1704,0,85,56,15,6,162,0,0,0,0,0,0,1866
Maharashtra,2014,Govt. Servants (Total),0,100,155,73,5,333,0,24,32,6,5,67,0,0,0,0,0,0,400
Maharashtra,2014,Central/UT Govt. Servants,0,18,35,9,3,65,0,10,9,3,4,26,0,0,0,0,0,0,91
Maharashtra,2014,State Govt. Servants,0,52,72,42,2,168,0,9,17,1,0,27,0,0,0,0,0,0,195
Maharashtra,2014,Other Statutory Body/etc.,0,30,48,22,0,100,0,5,6,2,1,14,0,0,0,0,0,0,114
Maharashtra,2014,Private Sector Enterprises,0,429,464,204,12,1109,0,45,22,6,1,74,0,0,0,0,0,0,1183
Maharashtra,2014,Public Sector Undertaking,0,99,99,58,6,262,0,16,2,3,0,21,0,0,0,0,0,0,283
Maharashtra,2014,Students,36,523,10,0,0,569,57,561,2,1,1,622,0,0,0,0,0,0,1191
Maharashtra,2014,Unemployed Persons,3,429,342,145,61,980,1,55,10,4,7,77,0,1,1,0,0,2,1059
Maharashtra,2014,Self-employed Persons (Total),0,1276,2028,1253,479,5036,0,132,158,47,48,385,0,0,0,0,0,0,5421
Maharashtra,2014,Business (Total),0,269,353,212,39,873,0,38,31,7,12,88,0,0,0,0,0,0,961
Maharashtra,2014,Vendor,0,43,36,26,6,111,0,1,1,2,0,4,0,0,0,0,0,0,115
Maharashtra,2014,Tradesmen,0,39,54,32,9,134,0,0,0,1,2,3,0,0,0,0,0,0,137
Maharashtra,2014,Others,0,187,263,154,24,628,0,37,30,4,10,81,0,0,0,0,0,0,709
Maharashtra,2014,Agriculture (Total),0,863,1511,954,398,3726,0,82,124,38,34,278,0,0,0,0,0,0,4004
Maharashtra,2014,Agricultural Labourers,0,338,508,262,120,1228,0,63,90,28,27,208,0,0,0,0,0,0,1436
Maharashtra,2014,Farmers (Sub Total),0,525,1003,692,278,2498,0,19,34,10,7,70,0,0,0,0,0,0,2568
Maharashtra,2014,Have Own Land,0,489,943,654,263,2349,0,19,33,9,7,68,0,0,0,0,0,0,2417
Maharashtra,2014,On Contract/Lease,0,36,60,38,15,149,0,0,1,1,0,2,0,0,0,0,0,0,151
Maharashtra,2014,Others,0,144,164,87,42,437,0,12,3,2,2,19,0,0,0,0,0,0,456
Maharashtra,2014,Daily Wage Earner,0,746,789,449,170,2154,0,43,23,17,2,85,0,0,0,0,0,0,2239
Maharashtra,2014,Retired Persons,0,0,1,39,143,183,0,0,0,4,4,8,0,0,0,0,0,0,191
Maharashtra,2014,Others,6,374,396,269,157,1202,7,93,53,35,28,216,0,1,0,0,0,1,1419
Maharashtra,2014,Total,45,3976,4284,2490,1033,11828,70,2423,1198,482,303,4476,0,2,1,0,0,3,16307
Manipur,2014,Housewife,0,0,0,0,0,0,0,8,4,0,0,12,0,0,0,0,0,0,12
Manipur,2014,Profession/Salaried Persons (Total),0,2,3,3,0,8,0,0,0,0,0,0,0,0,0,0,0,0,8
Manipur,2014,Govt. Servants (Total),0,2,3,3,0,8,0,0,0,0,0,0,0,0,0,0,0,0,8
Manipur,2014,Central/UT Govt. Servants,0,2,1,2,0,5,0,0,0,0,0,0,0,0,0,0,0,0,5
Manipur,2014,State Govt. Servants,0,0,2,1,0,3,0,0,0,0,0,0,0,0,0,0,0,0,3
Manipur,2014,Other Statutory Body/etc.,0,0,0,0,0,0,0,0,0,0,0,0,0,0,0,0,0,0,0
Manipur,2014,Private Sector Enterprises,0,0,0,0,0,0,0,0,0,0,0,0,0,0,0,0,0,0,0
Manipur,2014,Public Sector Undertaking,0,0,0,0,0,0,0,0,0,0,0,0,0,0,0,0,0,0,0
Manipur,2014,Students,2,5,0,0,0,7,1,5,0,0,0,6,0,0,0,0,0,0,13
Manipur,2014,Unemployed Persons,0,0,0,1,0,1,0,0,1,0,0,1,0,0,0,0,0,0,2
Manipur,2014,Self-employed Persons (Total),0,1,0,2,0,3,0,0,0,0,0,0,0,0,0,0,0,0,3
Manipur,2014,Business (Total),0,1,0,2,0,3,0,0,0,0,0,0,0,0,0,0,0,0,3
Manipur,2014,Vendor,0,0,0,0,0,0,0,0,0,0,0,0,0,0,0,0,0,0,0
Manipur,2014,Tradesmen,0,0,0,0,0,0,0,0,0,0,0,0,0,0,0,0,0,0,0
Manipur,2014,Others,0,1,0,2,0,3,0,0,0,0,0,0,0,0,0,0,0,0,3
Manipur,2014,Agriculture (Total),0,0,0,0,0,0,0,0,0,0,0,0,0,0,0,0,0,0,0
Manipur,2014,Agricultural Labourers,0,0,0,0,0,0,0,0,0,0,0,0,0,0,0,0,0,0,0
Manipur,2014,Farmers (Sub Total),0,0,0,0,0,0,0,0,0,0,0,0,0,0,0,0,0,0,0
Manipur,2014,Have Own Land,0,0,0,0,0,0,0,0,0,0,0,0,0,0,0,0,0,0,0
Manipur,2014,On Contract/Lease,0,0,0,0,0,0,0,0,0,0,0,0,0,0,0,0,0,0,0
Manipur,2014,Others,0,0,0,0,0,0,0,0,0,0,0,0,0,0,0,0,0,0,0
Manipur,2014,Daily Wage Earner,0,0,0,0,0,0,0,0,0,0,0,0,0,0,0,0,0,0,0
Manipur,2014,Retired Persons,0,0,0,0,0,0,0,0,0,0,0,0,0,0,0,0,0,0,0
Manipur,2014,Others,0,4,6,1,1,12,0,0,0,0,0,0,0,0,0,0,0,0,12
Manipur,2014,Total,2,12,9,7,1,31,1,13,5,0,0,19,0,0,0,0,0,0,50
Meghalaya,2014,Housewife,0,0,0,0,0,0,0,5,4,0,1,10,0,0,0,0,0,0,10
Meghalaya,2014,Profession/Salaried Persons (Total),0,1,3,0,0,4,0,0,0,0,0,0,0,0,0,0,0,0,4
Meghalaya,2014,Govt. Servants (Total),0,1,3,0,0,4,0,0,0,0,0,0,0,0,0,0,0,0,4
Meghalaya,2014,Central/UT Govt. Servants,0,0,1,0,0,1,0,0,0,0,0,0,0,0,0,0,0,0,1
Meghalaya,2014,State Govt. Servants,0,1,2,0,0,3,0,0,0,0,0,0,0,0,0,0,0,0,3
Meghalaya,2014,Other Statutory Body/etc.,0,0,0,0,0,0,0,0,0,0,0,0,0,0,0,0,0,0,0
Meghalaya,2014,Private Sector Enterprises,0,0,0,0,0,0,0,0,0,0,0,0,0,0,0,0,0,0,0
Meghalaya,2014,Public Sector Undertaking,0,0,0,0,0,0,0,0,0,0,0,0,0,0,0,0,0,0,0
Meghalaya,2014,Students,2,10,0,0,0,12,2,8,0,0,0,10,0,0,0,0,0,0,22
Meghalaya,2014,Unemployed Persons,0,3,3,1,0,7,0,2,0,0,0,2,0,0,0,0,0,0,9
Meghalaya,2014,Self-employed Persons (Total),0,9,7,3,0,19,0,0,0,0,0,0,0,0,0,0,0,0,19
Meghalaya,2014,Business (Total),0,8,1,2,0,11,0,0,0,0,0,0,0,0,0,0,0,0,11
Meghalaya,2014,Vendor,0,0,0,1,0,1,0,0,0,0,0,0,0,0,0,0,0,0,1
Meghalaya,2014,Tradesmen,0,0,0,0,0,0,0,0,0,0,0,0,0,0,0,0,0,0,0
Meghalaya,2014,Others,0,8,1,1,0,10,0,0,0,0,0,0,0,0,0,0,0,0,10
Meghalaya,2014,Agriculture (Total),0,1,0,1,0,2,0,0,0,0,0,0,0,0,0,0,0,0,2
Meghalaya,2014,Agricultural Labourers,0,1,0,1,0,2,0,0,0,0,0,0,0,0,0,0,0,0,2
Meghalaya,2014,Farmers (Sub Total),0,0,0,0,0,0,0,0,0,0,0,0,0,0,0,0,0,0,0
Meghalaya,2014,Have Own Land,0,0,0,0,0,0,0,0,0,0,0,0,0,0,0,0,0,0,0
Meghalaya,2014,On Contract/Lease,0,0,0,0,0,0,0,0,0,0,0,0,0,0,0,0,0,0,0
Meghalaya,2014,Others,0,0,6,0,0,6,0,0,0,0,0,0,0,0,0,0,0,0,6
Meghalaya,2014,Daily Wage Earner,0,6,8,7,1,22,0,0,1,0,0,1,0,0,0,0,0,0,23
Meghalaya,2014,Retired Persons,0,0,0,0,0,0,0,0,0,0,0,0,0,0,0,0,0,0,0
Meghalaya,2014,Others,0,2,4,2,3,11,1,0,0,0,0,1,0,0,0,0,0,0,12
Meghalaya,2014,Total,2,31,25,13,4,75,3,15,5,0,1,24,0,0,0,0,0,0,99
Mizoram,2014,Housewife,0,0,0,0,0,0,0,3,1,1,0,5,0,0,0,0,0,0,5
Mizoram,2014,Profession/Salaried Persons (Total),0,7,4,2,0,13,0,0,0,0,0,0,0,0,0,0,0,0,13
Mizoram,2014,Govt. Servants (Total),0,4,4,0,0,8,0,0,0,0,0,0,0,0,0,0,0,0,8
Mizoram,2014,Central/UT Govt. Servants,0,2,0,0,0,2,0,0,0,0,0,0,0,0,0,0,0,0,2
Mizoram,2014,State Govt. Servants,0,1,4,0,0,5,0,0,0,0,0,0,0,0,0,0,0,0,5
Mizoram,2014,Other Statutory Body/etc.,0,1,0,0,0,1,0,0,0,0,0,0,0,0,0,0,0,0,1
Mizoram,2014,Private Sector Enterprises,0,0,0,0,0,0,0,0,0,0,0,0,0,0,0,0,0,0,0
Mizoram,2014,Public Sector Undertaking,0,3,0,2,0,5,0,0,0,0,0,0,0,0,0,0,0,0,5
Mizoram,2014,Students,4,7,0,0,0,11,0,4,0,0,0,4,0,0,0,0,0,0,15
Mizoram,2014,Unemployed Persons,0,14,6,3,1,24,0,0,0,0,0,0,0,0,0,0,0,0,24
Mizoram,2014,Self-employed Persons (Total),0,8,6,3,0,17,0,0,0,0,1,1,0,0,0,0,0,0,18
Mizoram,2014,Business (Total),0,8,4,1,0,13,0,0,0,0,0,0,0,0,0,0,0,0,13
Mizoram,2014,Vendor,0,0,0,0,0,0,0,0,0,0,0,0,0,0,0,0,0,0,0
Mizoram,2014,Tradesmen,0,0,0,0,0,0,0,0,0,0,0,0,0,0,0,0,0,0,0
Mizoram,2014,Others,0,8,4,1,0,13,0,0,0,0,0,0,0,0,0,0,0,0,13
Mizoram,2014,Agriculture (Total),0,0,2,2,0,4,0,0,0,0,1,1,0,0,0,0,0,0,5
Mizoram,2014,Agricultural Labourers,0,0,2,2,0,4,0,0,0,0,1,1,0,0,0,0,0,0,5
Mizoram,2014,Farmers (Sub Total),0,0,0,0,0,0,0,0,0,0,0,0,0,0,0,0,0,0,0
Mizoram,2014,Have Own Land,0,0,0,0,0,0,0,0,0,0,0,0,0,0,0,0,0,0,0
Mizoram,2014,On Contract/Lease,0,0,0,0,0,0,0,0,0,0,0,0,0,0,0,0,0,0,0
Mizoram,2014,Others,0,0,0,0,0,0,0,0,0,0,0,0,0,0,0,0,0,0,0
Mizoram,2014,Daily Wage Earner,0,1,8,2,0,11,0,1,0,1,0,2,0,0,0,0,0,0,13
Mizoram,2014,Retired Persons,0,0,0,0,0,0,0,0,0,0,0,0,0,0,0,0,0,0,0
Mizoram,2014,Others,0,4,14,2,4,24,0,3,0,1,0,4,0,0,0,0,0,0,28
Mizoram,2014,Total,4,41,38,12,5,100,0,11,1,3,1,16,0,0,0,0,0,0,116
Nagaland,2014,Housewife,0,0,0,0,0,0,0,1,0,0,0,1,0,0,0,0,0,0,1
Nagaland,2014,Profession/Salaried Persons (Total),0,0,2,0,0,2,0,0,0,0,0,0,0,0,0,0,0,0,2
Nagaland,2014,Govt. Servants (Total),0,0,2,0,0,2,0,0,0,0,0,0,0,0,0,0,0,0,2
Nagaland,2014,Central/UT Govt. Servants,0,0,1,0,0,1,0,0,0,0,0,0,0,0,0,0,0,0,1
Nagaland,2014,State Govt. Servants,0,0,1,0,0,1,0,0,0,0,0,0,0,0,0,0,0,0,1
Nagaland,2014,Other Statutory Body/etc.,0,0,0,0,0,0,0,0,0,0,0,0,0,0,0,0,0,0,0
Nagaland,2014,Private Sector Enterprises,0,0,0,0,0,0,0,0,0,0,0,0,0,0,0,0,0,0,0
Nagaland,2014,Public Sector Undertaking,0,0,0,0,0,0,0,0,0,0,0,0,0,0,0,0,0,0,0
Nagaland,2014,Students,0,1,0,0,0,1,0,1,0,0,0,1,0,0,0,0,0,0,2
Nagaland,2014,Unemployed Persons,0,2,0,0,0,2,0,1,1,0,0,2,0,0,0,0,0,0,4
Nagaland,2014,Self-employed Persons (Total),0,0,0,0,0,0,0,0,0,0,0,0,0,0,0,0,0,0,0
Nagaland,2014,Business (Total),0,0,0,0,0,0,0,0,0,0,0,0,0,0,0,0,0,0,0
Nagaland,2014,Vendor,0,0,0,0,0,0,0,0,0,0,0,0,0,0,0,0,0,0,0
Nagaland,2014,Tradesmen,0,0,0,0,0,0,0,0,0,0,0,0,0,0,0,0,0,0,0
Nagaland,2014,Others,0,0,0,0,0,0,0,0,0,0,0,0,0,0,0,0,0,0,0
Nagaland,2014,Agriculture (Total),0,0,0,0,0,0,0,0,0,0,0,0,0,0,0,0,0,0,0
Nagaland,2014,Agricultural Labourers,0,0,0,0,0,0,0,0,0,0,0,0,0,0,0,0,0,0,0
Nagaland,2014,Farmers (Sub Total),0,0,0,0,0,0,0,0,0,0,0,0,0,0,0,0,0,0,0
Nagaland,2014,Have Own Land,0,0,0,0,0,0,0,0,0,0,0,0,0,0,0,0,0,0,0
Nagaland,2014,On Contract/Lease,0,0,0,0,0,0,0,0,0,0,0,0,0,0,0,0,0,0,0
Nagaland,2014,Others,0,0,0,0,0,0,0,0,0,0,0,0,0,0,0,0,0,0,0
Nagaland,2014,Daily Wage Earner,0,0,0,0,0,0,0,0,0,0,0,0,0,0,0,0,0,0,0
Nagaland,2014,Retired Persons,0,0,0,0,0,0,0,0,0,0,0,0,0,0,0,0,0,0,0
Nagaland,2014,Others,0,1,1,1,1,4,0,0,0,0,0,0,0,0,0,0,0,0,4
Nagaland,2014,Total,0,4,3,1,1,9,0,3,1,0,0,4,0,0,0,0,0,0,13
Odisha,2014,Housewife,0,0,0,0,0,0,0,242,252,104,15,613,0,0,0,0,0,0,613
Odisha,2014,Profession/Salaried Persons (Total),0,96,90,58,0,244,0,124,84,62,0,270,0,0,0,0,0,0,514
Odisha,2014,Govt. Servants (Total),0,27,41,16,0,84,0,62,33,8,0,103,0,0,0,0,0,0,187
Odisha,2014,Central/UT Govt. Servants,0,10,12,3,0,25,0,15,18,6,0,39,0,0,0,0,0,0,64
Odisha,2014,State Govt. Servants,0,3,10,9,0,22,0,1,2,2,0,5,0,0,0,0,0,0,27
Odisha,2014,Other Statutory Body/etc.,0,14,19,4,0,37,0,46,13,0,0,59,0,0,0,0,0,0,96
Odisha,2014,Private Sector Enterprises,0,57,29,23,0,109,0,61,49,51,0,161,0,0,0,0,0,0,270
Odisha,2014,Public Sector Undertaking,0,12,20,19,0,51,0,1,2,3,0,6,0,0,0,0,0,0,57
Odisha,2014,Students,7,159,5,0,0,171,11,135,6,0,2,154,0,0,0,0,0,0,325
Odisha,2014,Unemployed Persons,0,132,118,21,15,286,0,42,24,3,5,74,0,0,0,0,0,0,360
Odisha,2014,Self-employed Persons (Total),0,144,158,119,49,470,0,18,14,4,0,36,0,0,0,0,0,0,506
Odisha,2014,Business (Total),0,82,78,55,23,238,0,6,4,0,0,10,0,0,0,0,0,0,248
Odisha,2014,Vendor,0,1,3,3,2,9,0,0,1,0,0,1,0,0,0,0,0,0,10
Odisha,2014,Tradesmen,0,6,24,28,13,71,0,1,1,0,0,2,0,0,0,0,0,0,73
Odisha,2014,Others,0,75,51,24,8,158,0,5,2,0,0,7,0,0,0,0,0,0,165
Odisha,2014,Agriculture (Total),0,13,37,35,13,98,0,0,4,0,0,4,0,0,0,0,0,0,102
Odisha,2014,Agricultural Labourers,0,11,34,35,13,93,0,0,4,0,0,4,0,0,0,0,0,0,97
Odisha,2014,Farmers (Sub Total),0,2,3,0,0,5,0,0,0,0,0,0,0,0,0,0,0,0,5
Odisha,2014,Have Own Land,0,2,3,0,0,5,0,0,0,0,0,0,0,0,0,0,0,0,5
Odisha,2014,On Contract/Lease,0,0,0,0,0,0,0,0,0,0,0,0,0,0,0,0,0,0,0
Odisha,2014,Others,0,49,43,29,13,134,0,12,6,4,0,22,0,0,0,0,0,0,156
Odisha,2014,Daily Wage Earner,0,39,56,40,6,141,0,37,17,10,0,64,0,0,0,0,0,0,205
Odisha,2014,Retired Persons,0,0,0,0,4,4,0,0,0,0,0,0,0,0,0,0,0,0,4
Odisha,2014,Others,18,415,253,236,90,1012,25,353,118,95,30,621,0,0,0,0,0,0,1633
Odisha,2014,Total,25,985,680,474,164,2328,36,951,515,278,52,1832,0,0,0,0,0,0,4160
Punjab,2014,Housewife,0,0,0,0,0,0,0,73,50,19,4,146,0,0,0,0,0,0,146
Punjab,2014,Profession/Salaried Persons (Total),0,27,22,9,4,62,0,4,4,0,0,8,0,0,0,0,0,0,70
Punjab,2014,Govt. Servants (Total),0,12,7,5,4,28,0,0,2,0,0,2,0,0,0,0,0,0,30
Punjab,2014,Central/UT Govt. Servants,0,6,6,1,2,15,0,0,0,0,0,0,0,0,0,0,0,0,15
Punjab,2014,State Govt. Servants,0,4,1,4,2,11,0,0,2,0,0,2,0,0,0,0,0,0,13
Punjab,2014,Other Statutory Body/etc.,0,2,0,0,0,2,0,0,0,0,0,0,0,0,0,0,0,0,2
Punjab,2014,Private Sector Enterprises,0,14,14,4,0,32,0,2,2,0,0,4,0,0,0,0,0,0,36
Punjab,2014,Public Sector Undertaking,0,1,1,0,0,2,0,2,0,0,0,2,0,0,0,0,0,0,4
Punjab,2014,Students,2,33,0,0,0,35,1,12,3,0,1,17,0,0,0,0,0,0,52
Punjab,2014,Unemployed Persons,0,35,22,10,2,69,0,7,6,0,0,13,0,0,0,0,0,0,82
Punjab,2014,Self-employed Persons (Total),1,87,106,60,17,271,0,5,8,6,0,19,0,0,0,0,0,0,290
Punjab,2014,Business (Total),0,50,70,39,6,165,0,4,7,4,0,15,0,0,0,0,0,0,180
Punjab,2014,Vendor,0,2,0,2,0,4,0,0,0,0,0,0,0,0,0,0,0,0,4
Punjab,2014,Tradesmen,0,20,34,16,3,73,0,2,5,2,0,9,0,0,0,0,0,0,82
Punjab,2014,Others,0,28,36,21,3,88,0,2,2,2,0,6,0,0,0,0,0,0,94
Punjab,2014,Agriculture (Total),1,22,23,12,3,61,0,1,1,1,0,3,0,0,0,0,0,0,64
Punjab,2014,Agricultural Labourers,0,13,16,8,3,40,0,0,0,0,0,0,0,0,0,0,0,0,40
Punjab,2014,Farmers (Sub Total),1,9,7,4,0,21,0,1,1,1,0,3,0,0,0,0,0,0,24
Punjab,2014,Have Own Land,1,9,7,4,0,21,0,1,1,1,0,3,0,0,0,0,0,0,24
Punjab,2014,On Contract/Lease,0,0,0,0,0,0,0,0,0,0,0,0,0,0,0,0,0,0,0
Punjab,2014,Others,0,15,13,9,8,45,0,0,0,1,0,1,0,0,0,0,0,0,46
Punjab,2014,Daily Wage Earner,0,38,30,18,0,86,0,0,3,1,0,4,0,0,0,0,0,0,90
Punjab,2014,Retired Persons,0,0,3,3,1,7,0,0,0,0,0,0,0,0,0,0,0,0,7
Punjab,2014,Others,2,96,48,32,2,180,1,20,2,1,2,26,0,0,0,0,0,0,206
Punjab,2014,Total,5,316,231,132,26,710,2,121,76,27,7,233,0,0,0,0,0,0,943
Rajasthan,2014,Housewife,0,0,0,0,0,0,2,327,267,74,14,684,0,0,0,0,0,0,684
Rajasthan,2014,Profession/Salaried Persons (Total),0,57,58,27,1,143,0,12,12,5,0,29,0,0,0,0,0,0,172
Rajasthan,2014,Govt. Servants (Total),0,14,20,14,0,48,0,4,7,1,0,12,0,0,0,0,0,0,60
Rajasthan,2014,Central/UT Govt. Servants,0,4,4,2,0,10,0,3,6,0,0,9,0,0,0,0,0,0,19
Rajasthan,2014,State Govt. Servants,0,7,10,7,0,24,0,1,0,0,0,1,0,0,0,0,0,0,25
Rajasthan,2014,Other Statutory Body/etc.,0,3,6,5,0,14,0,0,1,1,0,2,0,0,0,0,0,0,16
Rajasthan,2014,Private Sector Enterprises,0,36,33,12,1,82,0,7,5,4,0,16,0,0,0,0,0,0,98
Rajasthan,2014,Public Sector Undertaking,0,7,5,1,0,13,0,1,0,0,0,1,0,0,0,0,0,0,14
Rajasthan,2014,Students,8,111,1,0,0,120,7,73,0,0,0,80,0,0,0,0,0,0,200
Rajasthan,2014,Unemployed Persons,1,63,47,33,12,156,0,5,0,1,0,6,0,0,0,0,0,0,162
Rajasthan,2014,Self-employed Persons (Total),0,319,323,173,33,848,0,36,14,3,4,57,0,0,0,0,0,0,905
Rajasthan,2014,Business (Total),0,161,155,85,22,423,0,21,6,2,4,33,0,0,0,0,0,0,456
Rajasthan,2014,Vendor,0,26,26,22,7,81,0,0,0,0,0,0,0,0,0,0,0,0,81
Rajasthan,2014,Tradesmen,0,25,18,10,6,59,0,0,0,0,0,0,0,0,0,0,0,0,59
Rajasthan,2014,Others,0,110,111,53,9,283,0,21,6,2,4,33,0,0,0,0,0,0,316
Rajasthan,2014,Agriculture (Total),0,129,140,81,7,357,0,9,6,1,0,16,0,0,0,0,0,0,373
Rajasthan,2014,Agricultural Labourers,0,129,140,81,7,357,0,9,6,1,0,16,0,0,0,0,0,0,373
Rajasthan,2014,Farmers (Sub Total),0,0,0,0,0,0,0,0,0,0,0,0,0,0,0,0,0,0,0
Rajasthan,2014,Have Own Land,0,0,0,0,0,0,0,0,0,0,0,0,0,0,0,0,0,0,0
Rajasthan,2014,On Contract/Lease,0,0,0,0,0,0,0,0,0,0,0,0,0,0,0,0,0,0,0
Rajasthan,2014,Others,0,29,28,7,4,68,0,6,2,0,0,8,0,0,0,0,0,0,76
Rajasthan,2014,Daily Wage Earner,0,252,196,62,8,518,0,8,1,0,0,9,0,0,0,0,0,0,527
Rajasthan,2014,Retired Persons,0,2,3,1,5,11,0,0,0,0,0,0,0,0,0,0,0,0,11
Rajasthan,2014,Others,33,601,487,236,82,1439,26,199,95,28,11,359,0,0,0,0,0,0,1798
Rajasthan,2014,Total,42,1405,1115,532,141,3235,35,660,389,111,29,1224,0,0,0,0,0,0,4459
Sikkim,2014,Housewife,0,0,0,0,0,0,0,5,12,6,1,24,0,0,0,0,0,0,24
Sikkim,2014,Profession/Salaried Persons (Total),0,5,2,1,0,8,0,5,4,0,0,9,0,0,0,0,0,0,17
Sikkim,2014,Govt. Servants (Total),0,1,2,1,0,4,0,2,4,0,0,6,0,0,0,0,0,0,10
Sikkim,2014,Central/UT Govt. Servants,0,0,0,0,0,0,0,0,0,0,0,0,0,0,0,0,0,0,0
Sikkim,2014,State Govt. Servants,0,0,2,1,0,3,0,2,4,0,0,6,0,0,0,0,0,0,9
Sikkim,2014,Other Statutory Body/etc.,0,1,0,0,0,1,0,0,0,0,0,0,0,0,0,0,0,0,1
Sikkim,2014,Private Sector Enterprises,0,4,0,0,0,4,0,1,0,0,0,1,0,0,0,0,0,0,5
Sikkim,2014,Public Sector Undertaking,0,0,0,0,0,0,0,2,0,0,0,2,0,0,0,0,0,0,2
Sikkim,2014,Students,4,13,0,0,0,17,3,4,0,0,0,7,0,0,0,0,0,0,24
Sikkim,2014,Unemployed Persons,0,19,14,8,4,45,0,11,6,4,1,22,0,0,0,0,0,0,67
Sikkim,2014,Self-employed Persons (Total),0,7,20,9,3,39,0,1,0,1,1,3,0,0,0,0,0,0,42
Sikkim,2014,Business (Total),0,5,1,0,0,6,0,1,0,0,0,1,0,0,0,0,0,0,7
Sikkim,2014,Vendor,0,0,0,0,0,0,0,0,0,0,0,0,0,0,0,0,0,0,0
Sikkim,2014,Tradesmen,0,0,0,0,0,0,0,0,0,0,0,0,0,0,0,0,0,0,0
Sikkim,2014,Others,0,5,1,0,0,6,0,1,0,0,0,1,0,0,0,0,0,0,7
Sikkim,2014,Agriculture (Total),0,2,19,9,3,33,0,0,0,1,1,2,0,0,0,0,0,0,35
Sikkim,2014,Agricultural Labourers,0,0,0,0,0,0,0,0,0,0,0,0,0,0,0,0,0,0,0
Sikkim,2014,Farmers (Sub Total),0,2,19,9,3,33,0,0,0,1,1,2,0,0,0,0,0,0,35
Sikkim,2014,Have Own Land,0,2,19,9,3,33,0,0,0,1,1,2,0,0,0,0,0,0,35
Sikkim,2014,On Contract/Lease,0,0,0,0,0,0,0,0,0,0,0,0,0,0,0,0,0,0,0
Sikkim,2014,Others,0,0,0,0,0,0,0,0,0,0,0,0,0,0,0,0,0,0,0
Sikkim,2014,Daily Wage Earner,0,10,6,4,1,21,0,2,0,0,0,2,0,0,0,0,0,0,23
Sikkim,2014,Retired Persons,0,2,1,3,0,6,0,1,0,0,0,1,0,0,0,0,0,0,7
Sikkim,2014,Others,2,6,8,8,1,25,3,7,3,1,1,15,0,0,0,0,0,0,40
Sikkim,2014,Total,6,62,51,33,9,161,6,36,25,12,4,83,0,0,0,0,0,0,244
Tamil Nadu,2014,Housewife,0,0,0,0,0,0,0,896,777,313,157,2143,0,0,0,0,0,0,2143
Tamil Nadu,2014,Profession/Salaried Persons (Total),0,377,459,317,78,1231,0,111,49,38,2,200,0,0,0,0,0,0,1431
Tamil Nadu,2014,Govt. Servants (Total),0,25,93,74,15,207,0,17,8,4,0,29,0,0,0,0,0,0,236
Tamil Nadu,2014,Central/UT Govt. Servants,0,1,12,12,4,29,0,1,1,1,0,3,0,0,0,0,0,0,32
Tamil Nadu,2014,State Govt. Servants,0,14,39,39,6,98,0,10,3,3,0,16,0,0,0,0,0,0,114
Tamil Nadu,2014,Other Statutory Body/etc.,0,10,42,23,5,80,0,6,4,0,0,10,0,0,0,0,0,0,90
Tamil Nadu,2014,Private Sector Enterprises,0,290,309,199,49,847,0,76,37,30,2,145,0,0,0,0,0,0,992
Tamil Nadu,2014,Public Sector Undertaking,0,62,57,44,14,177,0,18,4,4,0,26,0,0,0,0,0,0,203
Tamil Nadu,2014,Students,49,406,8,0,0,463,52,330,3,2,3,390,0,0,0,0,0,0,853
Tamil Nadu,2014,Unemployed Persons,0,445,420,267,175,1307,0,193,110,80,39,422,0,1,0,0,0,1,1730
Tamil Nadu,2014,Self-employed Persons (Total),0,589,881,659,167,2296,0,184,120,67,33,404,0,0,0,0,0,0,2700
Tamil Nadu,2014,Business (Total),0,314,493,386,53,1246,0,57,53,24,19,153,0,0,0,0,0,0,1399
Tamil Nadu,2014,Vendor,0,90,134,137,10,371,0,19,9,12,15,55,0,0,0,0,0,0,426
Tamil Nadu,2014,Tradesmen,0,36,36,34,0,106,0,0,0,0,0,0,0,0,0,0,0,0,106
Tamil Nadu,2014,Others,0,188,323,215,43,769,0,38,44,12,4,98,0,0,0,0,0,0,867
Tamil Nadu,2014,Agriculture (Total),0,147,256,202,86,691,0,98,55,40,11,204,0,0,0,0,0,0,895
Tamil Nadu,2014,Agricultural Labourers,0,137,232,185,74,628,0,95,53,40,11,199,0,0,0,0,0,0,827
Tamil Nadu,2014,Farmers (Sub Total),0,10,24,17,12,63,0,3,2,0,0,5,0,0,0,0,0,0,68
Tamil Nadu,2014,Have Own Land,0,10,23,17,12,62,0,3,2,0,0,5,0,0,0,0,0,0,67
Tamil Nadu,2014,On Contract/Lease,0,0,1,0,0,1,0,0,0,0,0,0,0,0,0,0,0,0,1
Tamil Nadu,2014,Others,0,128,132,71,28,359,0,29,12,3,3,47,0,0,0,0,0,0,406
Tamil Nadu,2014,Daily Wage Earner,2,903,1267,855,307,3334,0,273,131,93,49,546,0,0,0,0,0,0,3880
Tamil Nadu,2014,Retired Persons,0,0,18,10,47,75,0,1,1,2,1,5,0,0,0,0,0,0,80
Tamil Nadu,2014,Others,50,723,683,547,254,2257,119,425,218,171,112,1045,0,3,0,0,0,3,3305
Tamil Nadu,2014,Total,101,3443,3736,2655,1028,10963,171,2413,1409,766,396,5155,0,4,0,0,0,4,16122
Telangana,2014,Housewife,0,0,0,0,0,0,0,272,245,123,85,725,0,0,0,0,0,0,725
Telangana,2014,Profession/Salaried Persons (Total),0,156,210,111,7,484,3,91,31,11,4,140,0,0,0,0,0,0,624
Telangana,2014,Govt. Servants (Total),0,29,43,31,1,104,0,12,10,5,0,27,0,0,0,0,0,0,131
Telangana,2014,Central/UT Govt. Servants,0,1,3,1,0,5,0,0,1,0,0,1,0,0,0,0,0,0,6
Telangana,2014,State Govt. Servants,0,8,11,17,1,37,0,0,0,1,0,1,0,0,0,0,0,0,38
Telangana,2014,Other Statutory Body/etc.,0,20,29,13,0,62,0,12,9,4,0,25,0,0,0,0,0,0,87
Telangana,2014,Private Sector Enterprises,0,113,130,41,6,290,0,43,12,2,4,61,0,0,0,0,0,0,351
Telangana,2014,Public Sector Undertaking,0,14,37,39,0,90,3,36,9,4,0,52,0,0,0,0,0,0,142
Telangana,2014,Students,10,177,4,0,0,191,19,142,1,0,0,162,0,0,0,0,0,0,353
Telangana,2014,Unemployed Persons,0,124,92,37,14,267,1,21,11,1,1,35,0,0,0,0,0,0,302
Telangana,2014,Self-employed Persons (Total),1,665,820,566,152,2204,1,136,101,73,40,351,0,0,0,0,0,0,2555
Telangana,2014,Business (Total),0,345,355,220,42,962,0,28,14,6,7,55,0,0,0,0,0,0,1017
Telangana,2014,Vendor,0,49,24,19,11,103,0,1,1,1,0,3,0,0,0,0,0,0,106
Telangana,2014,Tradesmen,0,18,20,15,2,55,0,7,1,0,0,8,0,0,0,0,0,0,63
Telangana,2014,Others,0,278,311,186,29,804,0,20,12,5,7,44,0,0,0,0,0,0,848
Telangana,2014,Agriculture (Total),0,287,421,313,94,1115,1,76,71,55,29,232,0,0,0,0,0,0,1347
Telangana,2014,Agricultural Labourers,0,139,122,80,23,364,1,33,19,22,10,85,0,0,0,0,0,0,449
Telangana,2014,Farmers (Sub Total),0,148,299,233,71,751,0,43,52,33,19,147,0,0,0,0,0,0,898
Telangana,2014,Have Own Land,0,96,207,173,54,530,0,17,38,23,15,93,0,0,0,0,0,0,623
Telangana,2014,On Contract/Lease,0,52,92,60,17,221,0,26,14,10,4,54,0,0,0,0,0,0,275
Telangana,2014,Others,1,33,44,33,16,127,0,32,16,12,4,64,0,0,0,0,0,0,191
Telangana,2014,Daily Wage Earner,2,222,387,206,91,908,0,136,120,47,31,334,0,0,0,0,0,0,1242
Telangana,2014,Retired Persons,0,4,1,0,22,27,0,2,0,0,1,3,0,0,0,0,0,0,30
Telangana,2014,Others,12,809,858,575,334,2588,14,456,342,205,187,1204,0,0,0,0,0,0,3792
Telangana,2014,Total,25,2157,2372,1495,620,6669,38,1256,851,460,349,2954,0,0,0,0,0,0,9623
Tripura,2014,Housewife,0,0,0,0,0,0,0,55,44,15,9,123,0,0,0,0,0,0,123
Tripura,2014,Profession/Salaried Persons (Total),0,9,22,13,0,44,0,3,5,4,2,14,0,0,0,0,0,0,58
Tripura,2014,Govt. Servants (Total),0,5,20,11,0,36,0,3,5,4,2,14,0,0,0,0,0,0,50
Tripura,2014,Central/UT Govt. Servants,0,2,10,6,0,18,0,2,3,3,1,9,0,0,0,0,0,0,27
Tripura,2014,State Govt. Servants,0,3,10,5,0,18,0,1,2,1,1,5,0,0,0,0,0,0,23
Tripura,2014,Other Statutory Body/etc.,0,0,0,0,0,0,0,0,0,0,0,0,0,0,0,0,0,0,0
Tripura,2014,Private Sector Enterprises,0,2,0,0,0,2,0,0,0,0,0,0,0,0,0,0,0,0,2
Tripura,2014,Public Sector Undertaking,0,2,2,2,0,6,0,0,0,0,0,0,0,0,0,0,0,0,6
Tripura,2014,Students,7,32,0,0,0,39,3,31,0,0,0,34,0,0,0,0,0,0,73
Tripura,2014,Unemployed Persons,0,42,39,16,4,101,0,7,4,1,0,12,0,0,0,0,0,0,113
Tripura,2014,Self-employed Persons (Total),0,44,28,25,7,104,0,6,0,1,0,7,0,0,0,0,0,0,111
Tripura,2014,Business (Total),0,33,20,16,6,75,0,4,0,0,0,4,0,0,0,0,0,0,79
Tripura,2014,Vendor,0,0,0,0,0,0,0,0,0,0,0,0,0,0,0,0,0,0,0
Tripura,2014,Tradesmen,0,0,0,0,0,0,0,0,0,0,0,0,0,0,0,0,0,0,0
Tripura,2014,Others,0,33,20,16,6,75,0,4,0,0,0,4,0,0,0,0,0,0,79
Tripura,2014,Agriculture (Total),0,11,8,9,1,29,0,2,0,1,0,3,0,0,0,0,0,0,32
Tripura,2014,Agricultural Labourers,0,11,8,9,1,29,0,2,0,1,0,3,0,0,0,0,0,0,32
Tripura,2014,Farmers (Sub Total),0,0,0,0,0,0,0,0,0,0,0,0,0,0,0,0,0,0,0
Tripura,2014,Have Own Land,0,0,0,0,0,0,0,0,0,0,0,0,0,0,0,0,0,0,0
Tripura,2014,On Contract/Lease,0,0,0,0,0,0,0,0,0,0,0,0,0,0,0,0,0,0,0
Tripura,2014,Others,0,0,0,0,0,0,0,0,0,0,0,0,0,0,0,0,0,0,0
Tripura,2014,Daily Wage Earner,0,18,16,8,3,45,0,0,0,0,0,0,0,0,0,0,0,0,45
Tripura,2014,Retired Persons,0,0,0,0,3,3,0,0,0,0,2,2,0,0,0,0,0,0,5
Tripura,2014,Others,7,50,34,38,27,156,4,45,13,11,5,78,0,0,0,0,0,0,234
Tripura,2014,Total,14,195,139,100,44,492,7,147,66,32,18,270,0,0,0,0,0,0,762
Uttar Pradesh,2014,Housewife,0,0,0,0,0,0,4,576,212,38,5,835,0,0,0,0,0,0,835
Uttar Pradesh,2014,Profession/Salaried Persons (Total),1,52,80,30,4,167,0,24,12,2,0,38,0,0,0,0,0,0,205
Uttar Pradesh,2014,Govt. Servants (Total),1,9,24,9,0,43,0,6,4,0,0,10,0,0,0,0,0,0,53
Uttar Pradesh,2014,Central/UT Govt. Servants,1,1,4,3,0,9,0,0,0,0,0,0,0,0,0,0,0,0,9
Uttar Pradesh,2014,State Govt. Servants,0,6,18,6,0,30,0,0,2,0,0,2,0,0,0,0,0,0,32
Uttar Pradesh,2014,Other Statutory Body/etc.,0,2,2,0,0,4,0,6,2,0,0,8,0,0,0,0,0,0,12
Uttar Pradesh,2014,Private Sector Enterprises,0,35,29,14,3,81,0,14,4,2,0,20,0,0,0,0,0,0,101
Uttar Pradesh,2014,Public Sector Undertaking,0,8,27,7,1,43,0,4,4,0,0,8,0,0,0,0,0,0,51
Uttar Pradesh,2014,Students,7,138,9,1,0,155,12,83,2,0,0,97,0,0,0,0,0,0,252
Uttar Pradesh,2014,Unemployed Persons,1,215,133,34,7,390,0,39,12,5,0,56,0,0,0,0,0,0,446
Uttar Pradesh,2014,Self-employed Persons (Total),4,185,175,64,25,453,6,74,26,12,13,131,0,2,0,0,0,2,586
Uttar Pradesh,2014,Business (Total),2,92,59,18,9,180,1,25,6,1,0,33,0,0,0,0,0,0,213
Uttar Pradesh,2014,Vendor,0,11,9,3,1,24,0,6,0,0,0,6,0,0,0,0,0,0,30
Uttar Pradesh,2014,Tradesmen,0,1,0,1,0,2,0,0,0,0,0,0,0,0,0,0,0,0,2
Uttar Pradesh,2014,Others,2,80,50,14,8,154,1,19,6,1,0,27,0,0,0,0,0,0,181
Uttar Pradesh,2014,Agriculture (Total),0,48,79,28,10,165,0,17,7,3,0,27,0,0,0,0,0,0,192
Uttar Pradesh,2014,Agricultural Labourers,0,36,50,14,6,106,0,15,5,3,0,23,0,0,0,0,0,0,129
Uttar Pradesh,2014,Farmers (Sub Total),0,12,29,14,4,59,0,2,2,0,0,4,0,0,0,0,0,0,63
Uttar Pradesh,2014,Have Own Land,0,11,27,11,4,53,0,0,2,0,0,2,0,0,0,0,0,0,55
Uttar Pradesh,2014,On Contract/Lease,0,1,2,3,0,6,0,2,0,0,0,2,0,0,0,0,0,0,8
Uttar Pradesh,2014,Others,2,45,37,18,6,108,5,32,13,8,13,71,0,2,0,0,0,2,181
Uttar Pradesh,2014,Daily Wage Earner,0,82,76,22,2,182,0,15,9,2,0,26,0,0,0,0,0,0,208
Uttar Pradesh,2014,Retired Persons,2,3,9,3,4,21,0,3,0,0,0,3,0,0,0,0,0,0,24
Uttar Pradesh,2014,Others,28,322,226,124,31,731,17,202,55,17,8,299,0,3,0,1,0,4,1034
Uttar Pradesh,2014,Total,43,997,708,278,73,2099,39,1016,328,76,26,1485,0,5,0,1,0,6,3590
Uttarakhand,2014,Housewife,0,0,0,0,0,0,0,19,12,3,0,34,0,0,0,0,0,0,34
Uttarakhand,2014,Profession/Salaried Persons (Total),0,27,4,1,0,32,0,0,0,0,0,0,0,0,0,0,0,0,32
Uttarakhand,2014,Govt. Servants (Total),0,2,0,0,0,2,0,0,0,0,0,0,0,0,0,0,0,0,2
Uttarakhand,2014,Central/UT Govt. Servants,0,0,0,0,0,0,0,0,0,0,0,0,0,0,0,0,0,0,0
Uttarakhand,2014,State Govt. Servants,0,2,0,0,0,2,0,0,0,0,0,0,0,0,0,0,0,0,2
Uttarakhand,2014,Other Statutory Body/etc.,0,0,0,0,0,0,0,0,0,0,0,0,0,0,0,0,0,0,0
Uttarakhand,2014,Private Sector Enterprises,0,21,2,0,0,23,0,0,0,0,0,0,0,0,0,0,0,0,23
Uttarakhand,2014,Public Sector Undertaking,0,4,2,1,0,7,0,0,0,0,0,0,0,0,0,0,0,0,7
Uttarakhand,2014,Students,1,25,0,0,0,26,0,7,0,0,0,7,0,0,0,0,0,0,33
Uttarakhand,2014,Unemployed Persons,0,14,5,4,3,26,0,3,0,0,0,3,0,0,0,0,0,0,29
Uttarakhand,2014,Self-employed Persons (Total),0,6,2,0,0,8,0,0,0,0,0,0,0,0,0,0,0,0,8
Uttarakhand,2014,Business (Total),0,6,2,0,0,8,0,0,0,0,0,0,0,0,0,0,0,0,8
Uttarakhand,2014,Vendor,0,6,1,0,0,7,0,0,0,0,0,0,0,0,0,0,0,0,7
Uttarakhand,2014,Tradesmen,0,0,0,0,0,0,0,0,0,0,0,0,0,0,0,0,0,0,0
Uttarakhand,2014,Others,0,0,1,0,0,1,0,0,0,0,0,0,0,0,0,0,0,0,1
Uttarakhand,2014,Agriculture (Total),0,0,0,0,0,0,0,0,0,0,0,0,0,0,0,0,0,0,0
Uttarakhand,2014,Agricultural Labourers,0,0,0,0,0,0,0,0,0,0,0,0,0,0,0,0,0,0,0
Uttarakhand,2014,Farmers (Sub Total),0,0,0,0,0,0,0,0,0,0,0,0,0,0,0,0,0,0,0
Uttarakhand,2014,Have Own Land,0,0,0,0,0,0,0,0,0,0,0,0,0,0,0,0,0,0,0
Uttarakhand,2014,On Contract/Lease,0,0,0,0,0,0,0,0,0,0,0,0,0,0,0,0,0,0,0
Uttarakhand,2014,Others,0,0,0,0,0,0,0,0,0,0,0,0,0,0,0,0,0,0,0
Uttarakhand,2014,Daily Wage Earner,0,0,1,1,0,2,0,0,0,0,0,0,0,0,0,0,0,0,2
Uttarakhand,2014,Retired Persons,0,0,0,0,0,0,0,0,0,0,0,0,0,0,0,0,0,0,0
Uttarakhand,2014,Others,0,32,17,5,3,57,1,8,3,0,0,12,0,0,0,0,0,0,69
Uttarakhand,2014,Total,1,104,29,11,6,151,1,37,15,3,0,56,0,0,0,0,0,0,207
West Bengal,2014,Housewife,0,0,0,0,0,0,0,1008,743,250,87,2088,0,0,0,0,0,0,2088
West Bengal,2014,Profession/Salaried Persons (Total),0,183,261,162,4,610,0,66,65,16,2,149,0,0,0,0,0,0,759
West Bengal,2014,Govt. Servants (Total),0,15,37,35,0,87,0,12,9,3,0,24,0,0,0,0,0,0,111
West Bengal,2014,Central/UT Govt. Servants,0,3,30,24,0,57,0,10,3,1,0,14,0,0,0,0,0,0,71
West Bengal,2014,State Govt. Servants,0,11,7,10,0,28,0,2,6,2,0,10,0,0,0,0,0,0,38
West Bengal,2014,Other Statutory Body/etc.,0,1,0,1,0,2,0,0,0,0,0,0,0,0,0,0,0,0,2
West Bengal,2014,Private Sector Enterprises,0,126,178,93,1,398,0,44,43,7,2,96,0,0,0,0,0,0,494
West Bengal,2014,Public Sector Undertaking,0,42,46,34,3,125,0,10,13,6,0,29,0,0,0,0,0,0,154
West Bengal,2014,Students,47,330,15,3,0,395,36,275,3,0,0,314,0,0,0,0,0,0,709
West Bengal,2014,Unemployed Persons,0,398,416,156,17,987,0,73,79,21,9,182,0,0,0,0,0,0,1169
West Bengal,2014,Self-employed Persons (Total),0,407,489,315,54,1265,0,110,67,33,10,220,0,0,0,0,0,0,1485
West Bengal,2014,Business (Total),0,325,354,231,42,952,0,86,51,31,6,174,0,0,0,0,0,0,1126
West Bengal,2014,Vendor,0,55,39,24,4,122,0,13,10,6,2,31,0,0,0,0,0,0,153
West Bengal,2014,Tradesmen,0,75,57,27,16,175,0,1,2,3,0,6,0,0,0,0,0,0,181
West Bengal,2014,Others,0,195,258,180,22,655,0,72,39,22,4,137,0,0,0,0,0,0,792
West Bengal,2014,Agriculture (Total),0,54,74,56,9,193,0,20,15,2,0,37,0,0,0,0,0,0,230
West Bengal,2014,Agricultural Labourers,0,54,74,56,9,193,0,20,15,2,0,37,0,0,0,0,0,0,230
West Bengal,2014,Farmers (Sub Total),0,0,0,0,0,0,0,0,0,0,0,0,0,0,0,0,0,0,0
West Bengal,2014,Have Own Land,0,0,0,0,0,0,0,0,0,0,0,0,0,0,0,0,0,0,0
West Bengal,2014,On Contract/Lease,0,0,0,0,0,0,0,0,0,0,0,0,0,0,0,0,0,0,0
West Bengal,2014,Others,0,28,61,28,3,120,0,4,1,0,4,9,0,0,0,0,0,0,129
West Bengal,2014,Daily Wage Earner,0,136,191,47,10,384,0,16,32,6,0,54,0,0,0,0,0,0,438
West Bengal,2014,Retired Persons,0,0,0,1,80,81,0,2,0,0,5,7,0,0,0,0,0,0,88
West Bengal,2014,Others,156,1991,1768,863,386,5164,66,1350,736,167,91,2410,0,0,0,0,0,0,7574
West Bengal,2014,Total,203,3445,3140,1547,551,8886,102,2900,1725,493,204,5424,0,0,0,0,0,0,14310
A & N Islands,2014,Housewife,0,0,0,0,0,0,0,7,1,2,4,14,0,0,0,0,0,0,14
A & N Islands,2014,Profession/Salaried Persons (Total),0,28,28,24,7,87,0,3,2,0,0,5,0,0,0,0,0,0,92
A & N Islands,2014,Govt. Servants (Total),0,1,3,5,0,9,0,0,0,0,0,0,0,0,0,0,0,0,9
A & N Islands,2014,Central/UT Govt. Servants,0,1,3,5,0,9,0,0,0,0,0,0,0,0,0,0,0,0,9
A & N Islands,2014,State Govt. Servants,0,0,0,0,0,0,0,0,0,0,0,0,0,0,0,0,0,0,0
A & N Islands,2014,Other Statutory Body/etc.,0,0,0,0,0,0,0,0,0,0,0,0,0,0,0,0,0,0,0
A & N Islands,2014,Private Sector Enterprises,0,27,25,19,7,78,0,2,2,0,0,4,0,0,0,0,0,0,82
A & N Islands,2014,Public Sector Undertaking,0,0,0,0,0,0,0,1,0,0,0,1,0,0,0,0,0,0,1
A & N Islands,2014,Students,0,4,0,0,0,4,2,11,0,0,0,13,0,0,0,0,0,0,17
A & N Islands,2014,Unemployed Persons,1,1,3,0,3,8,0,2,1,0,1,4,0,0,0,0,0,0,12
A & N Islands,2014,Self-employed Persons (Total),0,1,3,0,3,7,0,1,0,0,0,1,0,0,0,0,0,0,8
A & N Islands,2014,Business (Total),0,0,0,0,0,0,0,0,0,0,0,0,0,0,0,0,0,0,0
A & N Islands,2014,Vendor,0,0,0,0,0,0,0,0,0,0,0,0,0,0,0,0,0,0,0
A & N Islands,2014,Tradesmen,0,0,0,0,0,0,0,0,0,0,0,0,0,0,0,0,0,0,0
A & N Islands,2014,Others,0,0,0,0,0,0,0,0,0,0,0,0,0,0,0,0,0,0,0
A & N Islands,2014,Agriculture (Total),0,1,3,0,3,7,0,1,0,0,0,1,0,0,0,0,0,0,8
A & N Islands,2014,Agricultural Labourers,0,0,0,0,0,0,0,0,0,0,0,0,0,0,0,0,0,0,0
A & N Islands,2014,Farmers (Sub Total),0,1,3,0,3,7,0,1,0,0,0,1,0,0,0,0,0,0,8
A & N Islands,2014,Have Own Land,0,1,3,0,3,7,0,1,0,0,0,1,0,0,0,0,0,0,8
A & N Islands,2014,On Contract/Lease,0,0,0,0,0,0,0,0,0,0,0,0,0,0,0,0,0,0,0
A & N Islands,2014,Others,0,0,0,0,0,0,0,0,0,0,0,0,0,0,0,0,0,0,0
A & N Islands,2014,Daily Wage Earner,0,1,2,0,1,4,0,1,0,0,0,1,0,0,0,0,0,0,5
A & N Islands,2014,Retired Persons,0,0,0,0,3,3,0,0,0,0,0,0,0,0,0,0,0,0,3
A & N Islands,2014,Others,0,0,0,0,2,2,0,1,0,0,1,2,0,0,0,0,0,0,4
A & N Islands,2014,Total,1,35,36,24,19,115,2,26,4,2,6,40,0,0,0,0,0,0,155
Chandigarh,2014,Housewife,0,0,0,0,0,0,0,5,6,3,0,14,0,0,0,0,0,0,14
Chandigarh,2014,Profession/Salaried Persons (Total),0,0,12,8,0,20,0,11,0,0,0,11,0,0,0,0,0,0,31
Chandigarh,2014,Govt. Servants (Total),0,0,0,2,0,2,0,0,0,0,0,0,0,0,0,0,0,0,2
Chandigarh,2014,Central/UT Govt. Servants,0,0,0,0,0,0,0,0,0,0,0,0,0,0,0,0,0,0,0
Chandigarh,2014,State Govt. Servants,0,0,0,0,0,0,0,0,0,0,0,0,0,0,0,0,0,0,0
Chandigarh,2014,Other Statutory Body/etc.,0,0,0,2,0,2,0,0,0,0,0,0,0,0,0,0,0,0,2
Chandigarh,2014,Private Sector Enterprises,0,0,12,6,0,18,0,11,0,0,0,11,0,0,0,0,0,0,29
Chandigarh,2014,Public Sector Undertaking,0,0,0,0,0,0,0,0,0,0,0,0,0,0,0,0,0,0,0
Chandigarh,2014,Students,0,17,0,0,0,17,0,10,0,0,0,10,0,0,0,0,0,0,27
Chandigarh,2014,Unemployed Persons,0,7,8,0,0,15,0,2,2,0,0,4,0,0,0,0,0,0,19
Chandigarh,2014,Self-employed Persons (Total),0,3,3,0,0,6,0,0,0,0,0,0,0,0,0,0,0,0,6
Chandigarh,2014,Business (Total),0,3,3,0,0,6,0,0,0,0,0,0,0,0,0,0,0,0,6
Chandigarh,2014,Vendor,0,3,0,0,0,3,0,0,0,0,0,0,0,0,0,0,0,0,3
Chandigarh,2014,Tradesmen,0,0,0,0,0,0,0,0,0,0,0,0,0,0,0,0,0,0,0
Chandigarh,2014,Others,0,0,3,0,0,3,0,0,0,0,0,0,0,0,0,0,0,0,3
Chandigarh,2014,Agriculture (Total),0,0,0,0,0,0,0,0,0,0,0,0,0,0,0,0,0,0,0
Chandigarh,2014,Agricultural Labourers,0,0,0,0,0,0,0,0,0,0,0,0,0,0,0,0,0,0,0
Chandigarh,2014,Farmers (Sub Total),0,0,0,0,0,0,0,0,0,0,0,0,0,0,0,0,0,0,0
Chandigarh,2014,Have Own Land,0,0,0,0,0,0,0,0,0,0,0,0,0,0,0,0,0,0,0
Chandigarh,2014,On Contract/Lease,0,0,0,0,0,0,0,0,0,0,0,0,0,0,0,0,0,0,0
Chandigarh,2014,Others,0,0,0,0,0,0,0,0,0,0,0,0,0,0,0,0,0,0,0
Chandigarh,2014,Daily Wage Earner,0,4,0,0,0,4,0,0,0,0,0,0,0,0,0,0,0,0,4
Chandigarh,2014,Retired Persons,0,0,0,3,1,4,0,0,0,0,0,0,0,0,0,0,0,0,4
Chandigarh,2014,Others,0,0,0,0,0,0,0,0,0,0,0,0,0,0,0,0,0,0,0
Chandigarh,2014,Total,0,31,23,11,1,66,0,28,8,3,0,39,0,0,0,0,0,0,105
D&N Haveli,2014,Housewife,0,0,0,0,0,0,0,7,2,0,0,9,0,0,0,0,0,0,9
D&N Haveli,2014,Profession/Salaried Persons (Total),0,7,9,2,0,18,0,0,0,0,0,0,0,0,0,0,0,0,18
D&N Haveli,2014,Govt. Servants (Total),0,0,1,0,0,1,0,0,0,0,0,0,0,0,0,0,0,0,1
D&N Haveli,2014,Central/UT Govt. Servants,0,0,1,0,0,1,0,0,0,0,0,0,0,0,0,0,0,0,1
D&N Haveli,2014,State Govt. Servants,0,0,0,0,0,0,0,0,0,0,0,0,0,0,0,0,0,0,0
D&N Haveli,2014,Other Statutory Body/etc.,0,0,0,0,0,0,0,0,0,0,0,0,0,0,0,0,0,0,0
D&N Haveli,2014,Private Sector Enterprises,0,7,8,2,0,17,0,0,0,0,0,0,0,0,0,0,0,0,17
D&N Haveli,2014,Public Sector Undertaking,0,0,0,0,0,0,0,0,0,0,0,0,0,0,0,0,0,0,0
D&N Haveli,2014,Students,1,2,0,0,0,3,0,3,0,0,0,3,0,0,0,0,0,0,6
D&N Haveli,2014,Unemployed Persons,0,0,1,0,0,1,0,0,0,0,0,0,0,0,0,0,0,0,1
D&N Haveli,2014,Self-employed Persons (Total),0,0,0,0,1,1,0,0,0,0,0,0,0,0,0,0,0,0,1
D&N Haveli,2014,Business (Total),0,0,0,0,1,1,0,0,0,0,0,0,0,0,0,0,0,0,1
D&N Haveli,2014,Vendor,0,0,0,0,0,0,0,0,0,0,0,0,0,0,0,0,0,0,0
D&N Haveli,2014,Tradesmen,0,0,0,0,0,0,0,0,0,0,0,0,0,0,0,0,0,0,0
D&N Haveli,2014,Others,0,0,0,0,1,1,0,0,0,0,0,0,0,0,0,0,0,0,1
D&N Haveli,2014,Agriculture (Total),0,0,0,0,0,0,0,0,0,0,0,0,0,0,0,0,0,0,0
D&N Haveli,2014,Agricultural Labourers,0,0,0,0,0,0,0,0,0,0,0,0,0,0,0,0,0,0,0
D&N Haveli,2014,Farmers (Sub Total),0,0,0,0,0,0,0,0,0,0,0,0,0,0,0,0,0,0,0
D&N Haveli,2014,Have Own Land,0,0,0,0,0,0,0,0,0,0,0,0,0,0,0,0,0,0,0
D&N Haveli,2014,On Contract/Lease,0,0,0,0,0,0,0,0,0,0,0,0,0,0,0,0,0,0,0
D&N Haveli,2014,Others,0,0,0,0,0,0,0,0,0,0,0,0,0,0,0,0,0,0,0
D&N Haveli,2014,Daily Wage Earner,0,0,0,0,0,0,0,0,0,0,0,0,0,0,0,0,0,0,0
D&N Haveli,2014,Retired Persons,0,0,0,1,0,1,0,0,0,0,1,1,0,0,0,0,0,0,2
D&N Haveli,2014,Others,0,10,2,5,4,21,0,14,2,1,1,18,0,0,0,0,0,0,39
D&N Haveli,2014,Total,1,19,12,8,5,45,0,24,4,1,2,31,0,0,0,0,0,0,76
Daman & Diu,2014,Housewife,0,0,0,0,0,0,0,2,2,0,0,4,0,0,0,0,0,0,4
Daman & Diu,2014,Profession/Salaried Persons (Total),0,6,0,0,0,6,0,0,0,0,0,0,0,0,0,0,0,0,6
Daman & Diu,2014,Govt. Servants (Total),0,6,0,0,0,6,0,0,0,0,0,0,0,0,0,0,0,0,6
Daman & Diu,2014,Central/UT Govt. Servants,0,0,0,0,0,0,0,0,0,0,0,0,0,0,0,0,0,0,0
Daman & Diu,2014,State Govt. Servants,0,0,0,0,0,0,0,0,0,0,0,0,0,0,0,0,0,0,0
Daman & Diu,2014,Other Statutory Body/etc.,0,6,0,0,0,6,0,0,0,0,0,0,0,0,0,0,0,0,6
Daman & Diu,2014,Private Sector Enterprises,0,0,0,0,0,0,0,0,0,0,0,0,0,0,0,0,0,0,0
Daman & Diu,2014,Public Sector Undertaking,0,0,0,0,0,0,0,0,0,0,0,0,0,0,0,0,0,0,0
Daman & Diu,2014,Students,0,0,0,0,0,0,0,1,0,0,0,1,0,0,0,0,0,0,1
Daman & Diu,2014,Unemployed Persons,0,2,2,0,0,4,0,0,0,0,0,0,0,0,0,0,0,0,4
Daman & Diu,2014,Self-employed Persons (Total),0,1,1,1,0,3,0,0,0,0,0,0,0,0,0,0,0,0,3
Daman & Diu,2014,Business (Total),0,1,1,1,0,3,0,0,0,0,0,0,0,0,0,0,0,0,3
Daman & Diu,2014,Vendor,0,0,0,0,0,0,0,0,0,0,0,0,0,0,0,0,0,0,0
Daman & Diu,2014,Tradesmen,0,0,0,0,0,0,0,0,0,0,0,0,0,0,0,0,0,0,0
Daman & Diu,2014,Others,0,1,1,1,0,3,0,0,0,0,0,0,0,0,0,0,0,0,3
Daman & Diu,2014,Agriculture (Total),0,0,0,0,0,0,0,0,0,0,0,0,0,0,0,0,0,0,0
Daman & Diu,2014,Agricultural Labourers,0,0,0,0,0,0,0,0,0,0,0,0,0,0,0,0,0,0,0
Daman & Diu,2014,Farmers (Sub Total),0,0,0,0,0,0,0,0,0,0,0,0,0,0,0,0,0,0,0
Daman & Diu,2014,Have Own Land,0,0,0,0,0,0,0,0,0,0,0,0,0,0,0,0,0,0,0
Daman & Diu,2014,On Contract/Lease,0,0,0,0,0,0,0,0,0,0,0,0,0,0,0,0,0,0,0
Daman & Diu,2014,Others,0,0,0,0,0,0,0,0,0,0,0,0,0,0,0,0,0,0,0
Daman & Diu,2014,Daily Wage Earner,0,0,0,0,0,0,0,0,0,0,0,0,0,0,0,0,0,0,0
Daman & Diu,2014,Retired Persons,0,0,0,0,1,1,0,0,0,0,0,0,0,0,0,0,0,0,1
Daman & Diu,2014,Others,0,2,5,1,0,8,0,0,0,0,0,0,0,0,0,0,0,0,8
Daman & Diu,2014,Total,0,11,8,2,1,22,0,3,2,0,0,5,0,0,0,0,0,0,27
Delhi UT,2014,Housewife,0,0,0,0,0,0,0,142,64,12,5,223,0,0,0,0,0,0,223
Delhi UT,2014,Profession/Salaried Persons (Total),0,76,68,15,0,159,0,24,4,1,0,29,0,0,0,0,0,0,188
Delhi UT,2014,Govt. Servants (Total),0,6,12,1,0,19,0,14,1,0,0,15,0,0,0,0,0,0,34
Delhi UT,2014,Central/UT Govt. Servants,0,5,6,0,0,11,0,13,1,0,0,14,0,0,0,0,0,0,25
Delhi UT,2014,State Govt. Servants,0,0,2,1,0,3,0,1,0,0,0,1,0,0,0,0,0,0,4
Delhi UT,2014,Other Statutory Body/etc.,0,1,4,0,0,5,0,0,0,0,0,0,0,0,0,0,0,0,5
Delhi UT,2014,Private Sector Enterprises,0,56,33,6,0,95,0,5,3,0,0,8,0,0,0,0,0,0,103
Delhi UT,2014,Public Sector Undertaking,0,14,23,8,0,45,0,5,0,1,0,6,0,0,0,0,0,0,51
Delhi UT,2014,Students,14,130,3,0,0,147,7,87,0,0,0,94,0,0,0,0,0,0,241
Delhi UT,2014,Unemployed Persons,0,109,93,27,2,231,2,27,9,0,0,38,0,0,0,0,0,0,269
Delhi UT,2014,Self-employed Persons (Total),0,65,60,11,2,138,0,5,9,0,0,14,0,0,0,0,0,0,152
Delhi UT,2014,Business (Total),0,50,43,7,2,102,0,1,6,0,0,7,0,0,0,0,0,0,109
Delhi UT,2014,Vendor,0,11,3,1,0,15,0,0,0,0,0,0,0,0,0,0,0,0,15
Delhi UT,2014,Tradesmen,0,2,1,0,2,5,0,1,0,0,0,1,0,0,0,0,0,0,6
Delhi UT,2014,Others,0,37,39,6,0,82,0,0,6,0,0,6,0,0,0,0,0,0,88
Delhi UT,2014,Agriculture (Total),0,0,0,0,0,0,0,0,0,0,0,0,0,0,0,0,0,0,0
Delhi UT,2014,Agricultural Labourers,0,0,0,0,0,0,0,0,0,0,0,0,0,0,0,0,0,0,0
Delhi UT,2014,Farmers (Sub Total),0,0,0,0,0,0,0,0,0,0,0,0,0,0,0,0,0,0,0
Delhi UT,2014,Have Own Land,0,0,0,0,0,0,0,0,0,0,0,0,0,0,0,0,0,0,0
Delhi UT,2014,On Contract/Lease,0,0,0,0,0,0,0,0,0,0,0,0,0,0,0,0,0,0,0
Delhi UT,2014,Others,0,15,17,4,0,36,0,4,3,0,0,7,0,0,0,0,0,0,43
Delhi UT,2014,Daily Wage Earner,0,44,32,12,1,89,0,3,7,5,0,15,0,0,0,0,0,0,104
Delhi UT,2014,Retired Persons,0,0,0,0,4,4,0,0,0,0,1,1,0,0,0,0,0,0,5
Delhi UT,2014,Others,4,307,159,140,46,656,14,158,55,12,18,257,0,0,0,0,0,0,913
Delhi UT,2014,Total,18,731,415,205,55,1424,23,446,148,30,24,671,0,0,0,0,0,0,2095
Lakshadweep,2014,Housewife,0,0,0,0,0,0,0,0,1,0,0,1,0,0,0,0,0,0,1
Lakshadweep,2014,Profession/Salaried Persons (Total),0,0,0,0,0,0,0,0,0,0,0,0,0,0,0,0,0,0,0
Lakshadweep,2014,Govt. Servants (Total),0,0,0,0,0,0,0,0,0,0,0,0,0,0,0,0,0,0,0
Lakshadweep,2014,Central/UT Govt. Servants,0,0,0,0,0,0,0,0,0,0,0,0,0,0,0,0,0,0,0
Lakshadweep,2014,State Govt. Servants,0,0,0,0,0,0,0,0,0,0,0,0,0,0,0,0,0,0,0
Lakshadweep,2014,Other Statutory Body/etc.,0,0,0,0,0,0,0,0,0,0,0,0,0,0,0,0,0,0,0
Lakshadweep,2014,Private Sector Enterprises,0,0,0,0,0,0,0,0,0,0,0,0,0,0,0,0,0,0,0
Lakshadweep,2014,Public Sector Undertaking,0,0,0,0,0,0,0,0,0,0,0,0,0,0,0,0,0,0,0
Lakshadweep,2014,Students,0,1,0,0,0,1,0,0,0,0,0,0,0,0,0,0,0,0,1
Lakshadweep,2014,Unemployed Persons,0,0,0,0,0,0,0,0,0,0,0,0,0,0,0,0,0,0,0
Lakshadweep,2014,Self-employed Persons (Total),0,0,0,0,0,0,0,0,0,0,0,0,0,0,0,0,0,0,0
Lakshadweep,2014,Business (Total),0,0,0,0,0,0,0,0,0,0,0,0,0,0,0,0,0,0,0
Lakshadweep,2014,Vendor,0,0,0,0,0,0,0,0,0,0,0,0,0,0,0,0,0,0,0
Lakshadweep,2014,Tradesmen,0,0,0,0,0,0,0,0,0,0,0,0,0,0,0,0,0,0,0
Lakshadweep,2014,Others,0,0,0,0,0,0,0,0,0,0,0,0,0,0,0,0,0,0,0
Lakshadweep,2014,Agriculture (Total),0,0,0,0,0,0,0,0,0,0,0,0,0,0,0,0,0,0,0
Lakshadweep,2014,Agricultural Labourers,0,0,0,0,0,0,0,0,0,0,0,0,0,0,0,0,0,0,0
Lakshadweep,2014,Farmers (Sub Total),0,0,0,0,0,0,0,0,0,0,0,0,0,0,0,0,0,0,0
Lakshadweep,2014,Have Own Land,0,0,0,0,0,0,0,0,0,0,0,0,0,0,0,0,0,0,0
Lakshadweep,2014,On Contract/Lease,0,0,0,0,0,0,0,0,0,0,0,0,0,0,0,0,0,0,0
Lakshadweep,2014,Others,0,0,0,0,0,0,0,0,0,0,0,0,0,0,0,0,0,0,0
Lakshadweep,2014,Daily Wage Earner,0,0,0,0,0,0,0,0,0,0,0,0,0,0,0,0,0,0,0
Lakshadweep,2014,Retired Persons,0,0,0,0,0,0,0,0,0,0,0,0,0,0,0,0,0,0,0
Lakshadweep,2014,Others,0,0,1,0,0,1,0,0,0,0,0,0,0,0,0,0,0,0,1
Lakshadweep,2014,Total,0,1,1,0,0,2,0,0,1,0,0,1,0,0,0,0,0,0,3
Puducherry,2014,Housewife,0,0,0,0,0,0,0,21,21,11,6,59,0,0,0,0,0,0,59
Puducherry,2014,Profession/Salaried Persons (Total),0,6,8,7,1,22,0,0,4,0,0,4,0,0,0,0,0,0,26
Puducherry,2014,Govt. Servants (Total),0,0,1,0,0,1,0,0,0,0,0,0,0,0,0,0,0,0,1
Puducherry,2014,Central/UT Govt. Servants,0,0,0,0,0,0,0,0,0,0,0,0,0,0,0,0,0,0,0
Puducherry,2014,State Govt. Servants,0,0,1,0,0,1,0,0,0,0,0,0,0,0,0,0,0,0,1
Puducherry,2014,Other Statutory Body/etc.,0,0,0,0,0,0,0,0,0,0,0,0,0,0,0,0,0,0,0
Puducherry,2014,Private Sector Enterprises,0,6,7,7,1,21,0,0,4,0,0,4,0,0,0,0,0,0,25
Puducherry,2014,Public Sector Undertaking,0,0,0,0,0,0,0,0,0,0,0,0,0,0,0,0,0,0,0
Puducherry,2014,Students,2,13,0,0,0,15,1,6,0,0,0,7,0,0,0,0,0,0,22
Puducherry,2014,Unemployed Persons,0,4,16,9,5,34,0,4,3,0,0,7,0,0,0,0,0,0,41
Puducherry,2014,Self-employed Persons (Total),0,8,22,15,1,46,0,4,0,0,0,4,0,0,0,0,0,0,50
Puducherry,2014,Business (Total),0,4,15,10,1,30,0,0,0,0,0,0,0,0,0,0,0,0,30
Puducherry,2014,Vendor,0,0,0,0,0,0,0,0,0,0,0,0,0,0,0,0,0,0,0
Puducherry,2014,Tradesmen,0,0,0,0,0,0,0,0,0,0,0,0,0,0,0,0,0,0,0
Puducherry,2014,Others,0,4,15,10,1,30,0,0,0,0,0,0,0,0,0,0,0,0,30
Puducherry,2014,Agriculture (Total),0,4,7,5,0,16,0,0,0,0,0,0,0,0,0,0,0,0,16
Puducherry,2014,Agricultural Labourers,0,4,7,5,0,16,0,0,0,0,0,0,0,0,0,0,0,0,16
Puducherry,2014,Farmers (Sub Total),0,0,0,0,0,0,0,0,0,0,0,0,0,0,0,0,0,0,0
Puducherry,2014,Have Own Land,0,0,0,0,0,0,0,0,0,0,0,0,0,0,0,0,0,0,0
Puducherry,2014,On Contract/Lease,0,0,0,0,0,0,0,0,0,0,0,0,0,0,0,0,0,0,0
Puducherry,2014,Others,0,0,0,0,0,0,0,4,0,0,0,4,0,0,0,0,0,0,4
Puducherry,2014,Daily Wage Earner,0,20,48,43,2,113,0,5,0,0,4,9,0,0,0,0,0,0,122
Puducherry,2014,Retired Persons,0,0,0,1,8,9,0,0,0,0,0,0,0,0,0,0,0,0,9
Puducherry,2014,Others,2,48,83,68,52,253,0,33,12,7,10,62,0,0,0,0,0,0,315
Puducherry,2014,Total,4,99,177,143,69,492,1,73,40,18,20,152,0,0,0,0,0,0,644
Total (States),2014,Housewife,0,0,0,0,0,0,17,9314,6646,2641,1206,19824,0,0,0,0,0,0,19824
Total (States),2014,Profession/Salaried Persons (Total),6,2705,3201,1844,201,7957,4,785,461,216,23,1489,0,0,0,0,0,0,9446
Total (States),2014,Govt. Servants (Total),2,423,765,515,43,1748,0,193,150,48,8,399,0,0,0,0,0,0,2147
Total (States),2014,Central/UT Govt. Servants,1,93,187,113,11,405,0,48,47,15,5,115,0,0,0,0,0,0,520
Total (States),2014,State Govt. Servants,0,202,358,301,22,883,0,59,65,25,2,151,0,0,0,0,0,0,1034
Total (States),2014,Other Statutory Body/etc.,1,128,220,101,10,460,0,86,38,8,1,133,0,0,0,0,0,0,593
Total (States),2014,Private Sector Enterprises,4,1875,1973,1036,126,5014,1,494,265,134,15,909,0,0,0,0,0,0,5923
Total (States),2014,Public Sector Undertaking,0,407,463,293,32,1195,3,98,46,34,0,181,0,0,0,0,0,0,1376
Total (States),2014,Students,366,3594,99,13,2,4074,369,3248,51,3,8,3679,0,0,0,0,0,0,7753
Total (States),2014,Unemployed Persons,10,3181,2772,1441,789,8193,6,699,349,173,148,1375,0,2,2,0,0,4,9572
Total (States),2014,Self-employed Persons (Total),12,6613,8787,5619,1742,22773,20,1315,861,432,281,2909,0,2,0,0,0,2,25684
Total (States),2014,Business (Total),6,2899,3377,2150,454,8886,4,424,258,112,61,859,0,0,0,0,0,0,9745
Total (States),2014,Vendor,0,454,491,358,76,1379,0,60,57,26,20,163,0,0,0,0,0,0,1542
Total (States),2014,Tradesmen,0,436,515,344,83,1378,2,25,15,10,5,57,0,0,0,0,0,0,1435
Total (States),2014,Others,6,2009,2371,1448,295,6129,2,339,186,76,36,639,0,0,0,0,0,0,6768
Total (States),2014,Agriculture (Total),2,2784,4183,2844,1053,10866,4,609,454,237,166,1470,0,0,0,0,0,0,12336
Total (States),2014,Agricultural Labourers,1,1620,2159,1391,524,5695,2,419,290,169,119,999,0,0,0,0,0,0,6694
Total (States),2014,Farmers (Sub Total),1,1164,2024,1453,529,5171,2,190,164,68,47,471,0,0,0,0,0,0,5642
Total (States),2014,Have Own Land,1,1015,1775,1275,480,4546,1,150,145,56,43,395,0,0,0,0,0,0,4941
Total (States),2014,On Contract/Lease,0,149,249,178,49,625,1,40,19,12,4,76,0,0,0,0,0,0,701
Total (States),2014,Others,4,930,1227,625,235,3021,12,282,149,83,54,580,0,2,0,0,0,2,3603
Total (States),2014,Daily Wage Earner,7,4245,5314,3142,1026,13734,4,837,509,286,130,1766,0,0,0,0,0,0,15500
Total (States),2014,Retired Persons,2,30,59,135,542,768,0,13,5,8,52,78,0,0,0,0,0,0,846
Total (States),2014,Others,472,10730,9755,5852,2655,29464,375,5264,2634,1435,754,10462,0,9,0,1,0,10,39936
Total (States),2014,Total,875,31098,29987,18046,6957,86963,795,21475,11516,5194,2602,41582,0,13,2,1,0,16,128561
Total (UTs),2014,Housewife,0,0,0,0,0,0,0,184,97,28,15,324,0,0,0,0,0,0,324
Total (UTs),2014,Profession/Salaried Persons (Total),0,123,125,56,8,312,0,38,10,1,0,49,0,0,0,0,0,0,361
Total (UTs),2014,Govt. Servants (Total),0,13,17,8,0,38,0,14,1,0,0,15,0,0,0,0,0,0,53
Total (UTs),2014,Central/UT Govt. Servants,0,6,10,5,0,21,0,13,1,0,0,14,0,0,0,0,0,0,35
Total (UTs),2014,State Govt. Servants,0,0,3,1,0,4,0,1,0,0,0,1,0,0,0,0,0,0,5
Total (UTs),2014,Other Statutory Body/etc.,0,7,4,2,0,13,0,0,0,0,0,0,0,0,0,0,0,0,13
Total (UTs),2014,Private Sector Enterprises,0,96,85,40,8,229,0,18,9,0,0,27,0,0,0,0,0,0,256
Total (UTs),2014,Public Sector Undertaking,0,14,23,8,0,45,0,6,0,1,0,7,0,0,0,0,0,0,52
Total (UTs),2014,Students,17,167,3,0,0,187,10,118,0,0,0,128,0,0,0,0,0,0,315
Total (UTs),2014,Unemployed Persons,1,123,123,36,10,293,2,35,15,0,1,53,0,0,0,0,0,0,346
Total (UTs),2014,Self-employed Persons (Total),0,78,89,27,7,201,0,10,9,0,0,19,0,0,0,0,0,0,220
Total (UTs),2014,Business (Total),0,58,62,18,4,142,0,1,6,0,0,7,0,0,0,0,0,0,149
Total (UTs),2014,Vendor,0,14,3,1,0,18,0,0,0,0,0,0,0,0,0,0,0,0,18
Total (UTs),2014,Tradesmen,0,2,1,0,2,5,0,1,0,0,0,1,0,0,0,0,0,0,6
Total (UTs),2014,Others,0,42,58,17,2,119,0,0,6,0,0,6,0,0,0,0,0,0,125
Total (UTs),2014,Agriculture (Total),0,5,10,5,3,23,0,1,0,0,0,1,0,0,0,0,0,0,24
Total (UTs),2014,Agricultural Labourers,0,4,7,5,0,16,0,0,0,0,0,0,0,0,0,0,0,0,16
Total (UTs),2014,Farmers (Sub Total),0,1,3,0,3,7,0,1,0,0,0,1,0,0,0,0,0,0,8
Total (UTs),2014,Have Own Land,0,1,3,0,3,7,0,1,0,0,0,1,0,0,0,0,0,0,8
Total (UTs),2014,On Contract/Lease,0,0,0,0,0,0,0,0,0,0,0,0,0,0,0,0,0,0,0
Total (UTs),2014,Others,0,15,17,4,0,36,0,8,3,0,0,11,0,0,0,0,0,0,47
Total (UTs),2014,Daily Wage Earner,0,69,82,55,4,210,0,9,7,5,4,25,0,0,0,0,0,0,235
Total (UTs),2014,Retired Persons,0,0,0,5,17,22,0,0,0,0,2,2,0,0,0,0,0,0,24
Total (UTs),2014,Others,6,367,250,214,104,941,14,206,69,20,30,339,0,0,0,0,0,0,1280
Total (UTs),2014,Total,24,927,672,393,150,2166,26,600,207,54,52,939,0,0,0,0,0,0,3105
Total (All India),2014,Housewife,0,0,0,0,0,0,17,9498,6743,2669,1221,20148,0,0,0,0,0,0,20148
Total (All India),2014,Profession/Salaried Persons (Total),6,2828,3326,1900,209,8269,4,823,471,217,23,1538,0,0,0,0,0,0,9807
Total (All India),2014,Govt. Servants (Total),2,436,782,523,43,1786,0,207,151,48,8,414,0,0,0,0,0,0,2200
Total (All India),2014,Central/UT Govt. Servants,1,99,197,118,11,426,0,61,48,15,5,129,0,0,0,0,0,0,555
Total (All India),2014,State Govt. Servants,0,202,361,302,22,887,0,60,65,25,2,152,0,0,0,0,0,0,1039
Total (All India),2014,Other Statutory Body/etc.,1,135,224,103,10,473,0,86,38,8,1,133,0,0,0,0,0,0,606
Total (All India),2014,Private Sector Enterprises,4,1971,2058,1076,134,5243,1,512,274,134,15,936,0,0,0,0,0,0,6179
Total (All India),2014,Public Sector Undertaking,0,421,486,301,32,1240,3,104,46,35,0,188,0,0,0,0,0,0,1428
Total (All India),2014,Students,383,3761,102,13,2,4261,379,3366,51,3,8,3807,0,0,0,0,0,0,8068
Total (All India),2014,Unemployed Persons,11,3304,2895,1477,799,8486,8,734,364,173,149,1428,0,2,2,0,0,4,9918
Total (All India),2014,Self-employed Persons (Total),12,6691,8876,5646,1749,22974,20,1325,870,432,281,2928,0,2,0,0,0,2,25904
Total (All India),2014,Business (Total),6,2957,3439,2168,458,9028,4,425,264,112,61,866,0,0,0,0,0,0,9894
Total (All India),2014,Vendor,0,468,494,359,76,1397,0,60,57,26,20,163,0,0,0,0,0,0,1560
Total (All India),2014,Tradesmen,0,438,516,344,85,1383,2,26,15,10,5,58,0,0,0,0,0,0,1441
Total (All India),2014,Others,6,2051,2429,1465,297,6248,2,339,192,76,36,645,0,0,0,0,0,0,6893
Total (All India),2014,Agriculture (Total),2,2789,4193,2849,1056,10889,4,610,454,237,166,1471,0,0,0,0,0,0,12360
Total (All India),2014,Agricultural Labourers,1,1624,2166,1396,524,5711,2,419,290,169,119,999,0,0,0,0,0,0,6710
Total (All India),2014,Farmers (Sub Total),1,1165,2027,1453,532,5178,2,191,164,68,47,472,0,0,0,0,0,0,5650
Total (All India),2014,Have Own Land,1,1016,1778,1275,483,4553,1,151,145,56,43,396,0,0,0,0,0,0,4949
Total (All India),2014,On Contract/Lease,0,149,249,178,49,625,1,40,19,12,4,76,0,0,0,0,0,0,701
Total (All India),2014,Others,4,945,1244,629,235,3057,12,290,152,83,54,591,0,2,0,0,0,2,3650
Total (All India),2014,Daily Wage Earner,7,4314,5396,3197,1030,13944,4,846,516,291,134,1791,0,0,0,0,0,0,15735
Total (All India),2014,Retired Persons,2,30,59,140,559,790,0,13,5,8,54,80,0,0,0,0,0,0,870
Total (All India),2014,Others,478,11097,10005,6066,2759,30405,389,5470,2703,1455,784,10801,0,9,0,1,0,10,41216
Total (All India),2014,Total,899,32025,30659,18439,7107,89129,821,22075,11723,5248,2654,42521,0,13,2,1,0,16,131666